food_slug,local_name,name_ko,category,short_intro,typical_price,best_context,recommended_places,scheduled_days,source
socca,Socca,소카,Street Food,병아리콩 가루와 올리브유를 무쇠 구리 팬에서 장작 화덕으로 구워낸 니스 대표 길거리 간식,€3.50~€5.00 / portion,오전 시장 및 간식,"Cours Saleya, Chez Pipo, Chez Thérésa","Day 08, 09",Cuisine Nissarde Heritage
pissaladiere,Pissaladière,피살라디에르,Savory Tart,"도우 위에 장시간 캐러멜라이즈한 양파, 앤초비, 니스 블랙 올리브를 얹어 구운 전통 타르트",€4.00~€7.00 / slice,점심 또는 아침 간식,"Vieux Nice 제과점, Marché Forville","Day 08, 11",Cuisine Nissarde Heritage
salade-nicoise,Salade Niçoise,살라드 뉘수아즈,Salad,"완숙 생토마토, 니스 올리브, 앤초비/참치, 삶은 달걀, 생채소에 올리브유만 더한 정통 지중해 샐러드",€14.00~€22.00,가벼운 점심,"Vieux Nice 비스트로, Restaurant Béatrice","Day 08, 11",Cuisine Nissarde Official Standard
pan-bagnat,Pan Bagnat,팡 바냐,Sandwich,통밀 빵에 니스와즈 샐러드 속재료를 채워 올리브유와 채소 즙이 빵에 촉촉이 스며들게 만든 피크닉 샌드위치,€6.00~€9.00,해변 피크닉 / 간편식,"Promenade 해변 제과점, Cours Saleya","Day 08, 11",Cuisine Nissarde Official Standard
petits-farcis,Petits Farcis,프티 파르시,Main Dish,"주키니, 토마토, 가지 등 지중해 채소 속을 파내고 다진 고기와 치즈를 채워 구워낸 니스식 채소구이",€16.00~€24.00,점심 또는 저녁 정찬,"Chez Acchiardo, Lou Balico",Day 08,Cuisine Nissarde Heritage
daube-nicoise,Daube Niçoise,도브 뉘수아즈,Stew / Pasta,소고기를 프로방스 레드 와인과 건포르치니 버섯으로 뭉근하게 끓여 수제 라비올리와 함께 먹는 스튜,€18.00~€26.00,저녁 정찬,"Chez Acchiardo, La Table Alziari",Day 08,Cuisine Nissarde Heritage
tourte-de-blettes,Tourte de Blettes,투르트 드 블레트,Pastry / Tart,"근대 잎, 사과, 잣, 건포도, 치즈를 달콤하게 배합하여 패스트리 속에 구워낸 전통 파이",€4.00~€6.00 / slice,디저트 또는 아침 간식,Vieux Nice 로컬 베이커리,Day 08,Cuisine Nissarde Heritage
barbajuan,Barbajuan,바르바주앙,Appetizer,"근대(시금치), 리코타 치즈, 리크를 반죽 피에 싸서 바삭하게 튀겨낸 모나코·리비에라 전통 튀김만두",€1.50~€2.50 / piece,시장 점심 / 애피타이저,Marché de La Condamine (Monaco),Day 10,Monaco National Gastronomy
tarte-au-citron-de-menton,Tarte au Citron de Menton,망통 레몬 타르트,Dessert,지중해 미기후에서 자란 망통 IGP 레몬의 진하고 상큼한 풍미를 담은 커스터드 레몬 타르트,€5.00~€8.00 / piece,오후 티 타임 / 저녁 디저트,"Menton 구시가지 카페, Le Petit Port",Day 10,Menton Citrus Heritage
