region,fact,result,source_url,checked,status
barcelona,Sagrada Família 성인 요금 (기본 €26 / 타워 포함 €36),일치 — 공식 요금표 €26.00 / €36.00,https://sagradafamilia.org/en/prices,2026-08-17,VERIFIED
barcelona,Sagrada Família 일요일 개장시간,일치 — 일요일 10:30 개장 (4–9월 10:30–20:00),https://sagradafamilia.org/en/schedules-how-to-get,2026-08-17,VERIFIED
barcelona,Sant Pau Recinte Modernista 운영시간·요금,"신규 확정 — 월–일 09:30–18:30(4–10월), 성인 €18(14시 이전)/€17(14시 이후). 챕터는 pending 공란",https://santpaubarcelona.org/en/visita/visita-lliure/,2026-08-17,VERIFIED
barcelona,MACBA 월요일 개관 / 휴관 요일,"확인 — 월요일 개관, 화요일 휴관. 6/25–9/24 10:00–20:00, 일 10:00–15:00",https://www.macba.cat/en/plan-your-visit/,2026-08-17,VERIFIED
barcelona,MACBA 입장료,일치 — 현장 €15.00 · 온라인 €13.50 (챕터 €13.50),https://www.macba.cat/en/plan-your-visit/,2026-08-17,VERIFIED
barcelona,Museu del Cau Ferrat · Museu de Maricel 운영시간,"일치 — 4–10월 화–일 10:00–19:00, 월요일 휴관. 9/1(화) 정상",https://museusdesitges.cat/ca/horaris,2026-08-17,VERIFIED
barcelona,Palau de Maricel 관람 방식·운영일,원장 확정값 재확인 — 가이드 투어 전용. 7·8월 화·수 / 9월–6월 일요일만 → 9/1(화) 불가,https://museusdesitges.cat/ca/horaris,2026-08-17,VERIFIED
barcelona,Cau Ferrat + Maricel 통합권 요금,"일치 — 일반 €12. (3관 통합 €17, Palau de Maricel 별도 €12)",https://museusdesitges.cat/ca/tarifes,2026-08-17,VERIFIED
barcelona,La Paradeta Sagrada Família 영업시간·휴무·주소,"일요일 13:00–16:00 일치. 신규: 월요일 휴무, 화–토 13:00–16:00/20:00–23:30, Passatge Simó 18",https://www.laparadeta.com/en/seafood-restaurants/,2026-08-17,VERIFIED
barcelona,Mercat de la Concepció 요일별 영업시간,신규 확정 — 월·토 08:00–15:00 · 화–금 08:00–20:00. 8/31(월) 10:00 방문 성립,https://www.barcelona.cat/en/conocebcn/pics/el-mercado-de-la-concepcio-92086009449,2026-08-17,VERIFIED
barcelona,Bar Cañete 영업시간·휴무,"UNVERIFIED — 공식 사이트(barcanete.com, /bookings)에 영업시간 미게재. 추정값 금지 원칙에 따라 미검증 유지",https://barcanete.com/en/bookings/,2026-08-17,UNVERIFIED
barcelona,Biblioteca de Catalunya 개관시간,UNVERIFIED — 공식 사이트(bnc.cat) robots/TLS 차단으로 판독 실패. 우회 시도 안 함,https://www.bnc.cat/en/Visit-us,2026-08-17,UNVERIFIED
girona,"Collioure 전통시장 요일·장소 (수·일 오전, Place du Maréchal Leclerc)",본문 일치 — 9/2(수) 장날 확인,https://www.tourisme-collioure.com/agenda-collioure/les-marches-collioure/,2026-08-17,VERIFIED
girona,Château Royal de Collioure 9월 운영·요금,"9/1–10/31 10:00–18:00, 성인 €9, 마지막 입장 45분 전 — 본문 일치",https://www.tourisme-collioure.com/activites-collioure/les-sites-a-ne-pas-manquer-collioure/le-chateau-royal-collioure/,2026-08-17,VERIFIED
girona,Girona Cathedral 고시즌(6/15–9/15) 운영시간,"월–금 10:00–19:00 (토 –20:00, 일 12:00–19:00) — 본문 '평일 10:00–19:00' 일치. 마지막 입장 시각은 페이지에 없음",https://catedraldegirona.cat/en/girona-cathedral-cultural-visit/,2026-08-17,VERIFIED
girona,Girona Cathedral+Sant Feliu 성인 티켓,€7.50 (오디오가이드 포함) — 예약 카드 값 일치. 미술관 포함 €12 상품은 공식 티켓 페이지에서 미확인,https://tickets.catedraldegirona.cat/en/girona-cathedral-and-the-basilica-of-sant-feliu,2026-08-17,VERIFIED
girona,Cadaqués 마을 입구 Saba 주차장 실재,Parking Saba Riera Sant Vicenç 확인 (요금·만차 조건은 미확인),https://www.saba.es/en/parking-cadaques,2026-08-17,VERIFIED
girona,Casa Marieta 영업시간·화요일 저녁,공식 사이트 서비스 시간 12:30–15:30 / 19:30–22:30. 주간 휴무 요일 미표기 — 화요일 저녁 영업 최종 확정 불가 (전화 확인 필요),https://casamarieta.com/en/,2026-08-17,VERIFIED
girona,Mercat del Lleó 운영시간,"월–금 07:00–14:00, 토·공휴일 전날 07:00–14:30 — 본문 일치",https://web.girona.cat/comerc/mercatlleo,2026-08-17,VERIFIED
girona,Museum of Jewish History 운영·요금,"9–6월 화–토 10:00–18:00, 월·일·공휴일 10:00–14:00, €6 — 본문 기재 부분 일치, 월·일 오전 개관은 본문 누락",https://www.girona.cat/turisme/eng/museus_call.php,2026-08-17,VERIFIED
girona,Girona 성벽 운영시간,"9월–5월 08:00–21:00 (6–8월 –23:00) — dossier의 '상시 개방'은 오류, Day 1 섹션의 08:00–21:00이 정확",https://www.girona.cat/turisme/eng/monuments_muralla.php,2026-08-17,VERIFIED
girona,La Roca (Peratallada) 목요일 점심 영업,"UNVERIFIED — 공식 사이트 접속 실패(robots/timeout), 관광청 venue 페이지에 시간 정보 없음",https://www.visitperatallada.cat/en/venues/l/1017-la-roca--peratallada.html,2026-08-17,UNVERIFIED
nice,,"월 휴관, 화-일 10:00-18:00 (갤러리동 10:00-12:30/13:30-18:00)",,2026-08-17,VERIFIED
nice,,"화-일 11:30-14:30·17:30-22:00, 월 휴무, 워크인 전용(단체 외 예약 불가), 13 rue Bavastro",,2026-08-17,VERIFIED
nice,,"니스 관광청 2026 리스팅 주 7일 영업 표기 (시간 미표기, 신뢰도 중)",,2026-08-17,VERIFIED
nice,,"화-일 06:00-12:30, 월 휴무",,2026-08-17,VERIFIED
nice,,"월요일 골동품시장 07:00-18:00, 화-일 꽃·식품 오전 시장 — 챕터 서술 정합",,2026-08-17,VERIFIED
nice,,9/1-6/30 화-일 07:00-13:00 (월 휴무) — 9/6(일) 방문 정합,,2026-08-17,VERIFIED
nice,,"매일 11:55 (Place du Palais), 2026-08-23 1일 취소 공지는 여행일 무관",,2026-08-17,VERIFIED
nice,,"4/1-10/31 매일 08:30-20:00, 무료 (엘리베이터 언급 없음)",,2026-08-17,VERIFIED
nice,,"UNVERIFIED — nice.fr 공식 페이지에 엘리베이터 미기재, 다른 공식 소스 미확보",,2026-08-17,UNVERIFIED
nice,,"UNVERIFIED — hertz.com/hertz.fr 위치 페이지 404, 공식 소스 접근 실패 (비공식 디렉터리만 검색됨)",,2026-08-17,UNVERIFIED
aix,,화–일 10:00–18:00(~11/1)·월 휴관·매표 17:30·일반 €14/감액 €12·상설 단독권 없음(McCartney전 포함 단일권),,2026-08-17,VERIFIED
aix,,"13 avenue Paul Cézanne 13090 · 7/4–10/31 · 7/1–9/30 매일 09:00–18:00 · €9.50(자율, 11:30부터)/€12(가이드 1.5h)/€15(심화 2h)",,2026-08-17,VERIFIED
aix,,"'Réservation obligatoire à l'Atelier des Lauves, places limitées' · 2026 개방 7/4–10/31",,2026-08-17,VERIFIED
aix,,화요일 휴관(+5/1·12/25) · €11/€7.50/가족 €18 · 매월 첫 일요일 무료 · 야외 동선 무료 · 게시 시간은 10h–20h(계절 구분 미제시),,2026-08-17,VERIFIED
aix,,RTM 공식 lecar 직행(고속도로) 노선 존재 · 1회권 차내 판매 · 90분 환승 유효,,2026-08-17,VERIFIED
aix,,입장 €4/감액 €3 · 수영모 의무(9/1–6/30) · 수영반바지 금지 · 26 av. des Écoles Militaires,,2026-08-17,VERIFIED
aix,,"Richelme 식품시장 매일 08:00–13:00 · 화목토 큰장(직물·공예·골동, Comtales·Mirabeau 일대) · 꽃시장 화목토 시청/수금일 Comtales",,2026-08-17,VERIFIED
aix,,"매일 07:00–18:00, 주간 휴무 없음",,2026-08-17,VERIFIED
luberon,,"tickeasy 온라인 예약 플랫폼 활성(가이드 투어 프랑스어 / HistoPad 자율관람, Réserver 버튼). HistoPad 11개 언어에 한국어 포함. 개별 회차 시간·요금은 예약 화면 진입 필요(미게시)",,2026-08-17,VERIFIED
luberon,,"9/1-9/30 9h-19h, 최종입장 30분 전, 12/25·1/1 휴관, 성인 8€·12-17세 4€·12세 미만 무료 — 챕터 값과 일치",,2026-08-17,VERIFIED
luberon,,"9월 09:30 개장·최종입장 18:30·폐장 19:00, 개인 3.50€, 예약 불필요, 12/25·1/1 휴장, 화재·폭우 시 전일 18시 공지 폐쇄 — Day 2 값과 일치",,2026-08-17,VERIFIED
luberon,,2026 연중 화요일 8h-13h — 챕터 값과 일치 (9/15 화 방문 정합),,2026-08-17,VERIFIED
luberon,,"매주 일요일 8h-13h, 2026-03-29~12-27 — 요일·시간 일치, 시즌 시작만 '4월'이 아닌 3월 말(minor). 공식(provenceguide) 타임아웃으로 3자 출처",,2026-08-17,VERIFIED
luberon,,2026-09-12~13 확인(9/13 일요일 = Day 16 정합). 참가자는 '50 carnettistes'(챕터 45명은 구 값). 시간·입장료는 공식 미게시,,2026-08-17,VERIFIED
luberon,,"월 12:00-13:30·19:00-21:00 영업, 수·목 휴무, 금-일 영업. 메뉴 39€/49€ — 9/14(월) 저녁 계획 실행 가능, €39 일치",,2026-08-17,VERIFIED
luberon,,"금요일 8h-13h 연중, 일요일 시장 없음 — '일요일에는 없다' 서술 정확 (9/13 방문 기대조정 정합)",,2026-08-17,VERIFIED
avignon,,UNVERIFIED,,2026-08-17,UNVERIFIED
avignon,,"VERIFIED — 목-월 19:00~, 수요일 휴무. 17 Rue des Trois Faucons",,2026-08-17,VERIFIED
avignon,,PARTIAL — 점심 12:00-13:30·저녁 19:30-21:00 도착. 요일별 휴무 미게시,,2026-08-17,VERIFIED
avignon,,UNVERIFIED — 공식 사이트에 영업시간 미게시(전화 +33 4 32 76 32 16),,2026-08-17,UNVERIFIED
avignon,,"VERIFIED — 월-금 12:30-13:30·19:15-21:30, 토·일 휴무",,2026-08-17,VERIFIED
avignon,,"VERIFIED — 2026-09-17(목) 18:00-21:00 Muséum Requien, 무료",,2026-08-17,VERIFIED
avignon,,"PARTIAL — 호텔 공식 'every day' 서술, 상세 시간 미게시",,2026-08-17,VERIFIED
avignon,,"VERIFIED — 화 점심-토 저녁(일·월 휴무), 점심 12:00-13:30 → 9/19(토) 점심 가능. 21 rue Porte de Laure",,2026-08-17,VERIFIED
lyon,,연중 매일 점심·저녁 (일·월 포함). 전화 04 78 37 46 18 일치 → 본문 '매일 영업' NEW_V,,2026-08-17,VERIFIED
lyon,,"월-금 12-14/19-22, 토·일 휴무, 전화 04 78 60 66 53 → 본문 NEW_V. 9/22(화) 저녁 유효",,2026-08-17,VERIFIED
lyon,,"연중무휴 11:45-14:00/18:45-22:00, 예약 04 50 45 41 18 → 9/23(수) 유효 NEW_V",,2026-08-17,VERIFIED
lyon,,연중무휴 7/7 (12-14/18:30-22+) → 9/23(수) 유효 NEW_V,,2026-08-17,VERIFIED
lyon,,"대부분 상점 월-토 07:30-19:30·일 07:30-13:00, 월요일 다수 점포 휴무. 본문 L900의 '09:00-22:00' 계열은 X. 9/22(화) 점심 유효",,2026-08-17,VERIFIED
lyon,,화-일 (월 휴무). 화·금·토·일 06:00-13:30 약 95팀 / 수·목 06:00-13:00 약 23팀 → 9/22(화) 대장날 NEW_V,,2026-08-17,VERIFIED
lyon,,단발 존1-2 €2.10 (1h 유효)·전존 €3.70·24h 존1-2 €6.90·전존 24h €9.80·푸니쿨라 왕복권 €3.60 → 본문 계획가(€2.10/€6.90/€3.70/€3.60) NEW_V. 6존 체계 시행 확인(시행일자는 페이지에 미기재),,2026-08-17,VERIFIED
lyon,,"UNVERIFIED — 공식 사이트에서 9/20 이후 시간표·요금 확인 불가 (개별 페이지 404, 홈페이지에 시간표 없음). 본문의 '확정 금지·출발 전 확인' 처리 유지가 맞음",,2026-08-17,UNVERIFIED
paris,,입장 100% 무료. 예약은 공식 사이트(notredamedeparis.fr)에서만. 제3자 플랫폼은 판매 권한 없음. 슬롯 개방 시점(며칠 전)은 해당 페이지에서 확인 불가.,,2026-08-17,VERIFIED
paris,,"공식 시간표 페이지 404 (/en/visit/schedules/, /en/visit/horaires-douverture/ 모두). 확인 실패.",,2026-08-17,VERIFIED
paris,,"2026/9/23–2027/1/17, Grand Palais 갤러리 3·4. 예약 2026년 7월 7일 개시.",,2026-08-17,VERIFIED
paris,,174점 (세잔 69점 + 타 작가 105점). 공동주최: GrandPalaisRmn·Centre Pompidou·오르세/오랑주리 공공기관.,,2026-08-17,VERIFIED
paris,,"화–일 09:30–18:00, 월요일·5/1·12/25 휴관. 목요일 21:45까지(마지막 입장 21:00, 전시실 21:15 폐쇄). 온라인 €16 / 현장 €14.",,2026-08-17,VERIFIED
paris,,"2026년 10월 6일 – 2027년 1월 31일. 프랑스 최초의 대규모 카사트 전시, 사망 100주년.",,2026-08-17,VERIFIED
paris,,"'Monet, painting time' 2026/9/30–2027/1/25 확인. 금요일 18시부터 야간요금 €10 단일가, 매월 첫 일요일 무료(예약 필수), 시간지정 예약 강력 권장(예약시각 +30분 내 입장). 일반 성인 요금과 휴관 요일은 공식 페이지 403/404로 확인 실패.",,2026-08-17,VERIFIED
paris,,"월–일 11:00–19:00, 금요일 21:00까지. 화요일·5/1 휴관. 매월 첫 토요일 17:00–21:00 무료 야간. 2026/8/26–10/5 전시 준비 기간. 'Remember Me' 2026년 10월 7일 개막.",,2026-08-17,VERIFIED
paris,,"2026-01-01 시행: Navigo Semaine 전존 €32.40 / Navigo Mois 전존 €90.80 / 메트로-기차-RER 단발 €2.55(감액 €1.30) / 버스-트램 €2.05(감액 €1.05) / 공항: Orly(14호선) €14, Roissy CDG(RER B) €7.",,2026-08-17,VERIFIED
paris,,"10/3(토)·10/4(일) 개최. 본경주 10/4 16:05. 무료 셔틀 Porte Maillot(1호선)·Porte d'Auteuil(10호선), 토 11:30부터·일 10:30부터 약 15분 간격, 복편 토 21:30·일 22:00까지. 일반 입장 예매 가능, 프레스티지 오베르주/카스카드·Ribot 매진.",,2026-08-17,VERIFIED
paris,,"10/7–11, 제93회, 테마 'Le 18e donne le rythme'. Clos Montmartre 가이드 투어(역사가 Jean-Manuel Gabert) 10/7·8·9·11 운영, 예약 9월 14일(월)부터. Grande Parade 10/10(토) 포도밭. Parcours du Goût 10/10–12 사크레쾨르 일대.",,2026-08-17,VERIFIED
