site_page,page_type,region_map_links,embedded_daily_map_date,static_schematic,relationship,build_source
site/chapters/aix/index.html,regional-chapter-page,aix,,,links region map,build/build.py + source content
site/chapters/aix/places.html,regional-chapter-page,aix,,,links region map,build/build.py + source content
site/chapters/avignon/index.html,regional-chapter-page,avignon,,,links region map,build/build.py + source content
site/chapters/avignon/places.html,regional-chapter-page,avignon,,,links region map,build/build.py + source content
site/chapters/barcelona/index.html,regional-chapter-page,barcelona,,,links region map,build/build.py + source content
site/chapters/barcelona/places.html,regional-chapter-page,barcelona,,,links region map,build/build.py + source content
site/chapters/barcelona/schedule.html,regional-chapter-page,barcelona,,,links region map,build/build.py + source content
site/chapters/girona/index.html,regional-chapter-page,girona,,,links region map,build/build.py + source content
site/chapters/girona/places.html,regional-chapter-page,girona,,,links region map,build/build.py + source content
site/chapters/luberon/index.html,regional-chapter-page,luberon,,,links region map,build/build.py + source content
site/chapters/luberon/places.html,regional-chapter-page,luberon,,,links region map,build/build.py + source content
site/chapters/lyon/index.html,regional-chapter-page,lyon,,,links region map,build/build.py + source content
site/chapters/lyon/places.html,regional-chapter-page,lyon,,,links region map,build/build.py + source content
site/chapters/nice/index.html,regional-chapter-page,nice,,,links region map,build/build.py + source content
site/chapters/nice/places.html,regional-chapter-page,nice,,,links region map,build/build.py + source content
site/chapters/paris/index.html,regional-chapter-page,paris,,,links region map,build/build.py + source content
site/chapters/paris/places.html,regional-chapter-page,paris,,,links region map,build/build.py + source content
site/daily/day-01.html,daily-page,barcelona,2026-08-29,displayed,links region map; optional embedded daily map; static fallback,build/build.py + source content
site/daily/day-02.html,daily-page,barcelona,2026-08-30,displayed,links region map; optional embedded daily map; static fallback,build/build.py + source content
site/daily/day-03.html,daily-page,barcelona,2026-08-31,displayed,links region map; optional embedded daily map; static fallback,build/build.py + source content
site/daily/day-04.html,daily-page,barcelona|girona,,suppressed-stale,links region map; optional embedded daily map; static fallback,build/build.py + source content
site/daily/day-05.html,daily-page,girona,2026-09-02,suppressed-stale,links region map; optional embedded daily map; static fallback,build/build.py + source content
site/daily/day-06.html,daily-page,girona,2026-09-03,suppressed-stale,links region map; optional embedded daily map; static fallback,build/build.py + source content
site/daily/day-07.html,daily-page,girona|nice,,displayed,links region map; optional embedded daily map; static fallback,build/build.py + source content
site/daily/day-08.html,daily-page,nice,,displayed,links region map; optional embedded daily map; static fallback,build/build.py + source content
site/daily/day-09.html,daily-page,nice,,displayed,links region map; optional embedded daily map; static fallback,build/build.py + source content
site/daily/day-10.html,daily-page,nice,,displayed,links region map; optional embedded daily map; static fallback,build/build.py + source content
site/daily/day-11.html,daily-page,nice,,displayed,links region map; optional embedded daily map; static fallback,build/build.py + source content
site/daily/day-12.html,daily-page,nice|aix,,displayed,links region map; optional embedded daily map; static fallback,build/build.py + source content
site/daily/day-13.html,daily-page,aix,,displayed,links region map; optional embedded daily map; static fallback,build/build.py + source content
site/daily/day-14.html,daily-page,aix,,displayed,links region map; optional embedded daily map; static fallback,build/build.py + source content
site/daily/day-15.html,daily-page,aix,,displayed,links region map; optional embedded daily map; static fallback,build/build.py + source content
site/daily/day-16.html,daily-page,aix|luberon,,displayed,links region map; optional embedded daily map; static fallback,build/build.py + source content
site/daily/day-17.html,daily-page,luberon,,displayed,links region map; optional embedded daily map; static fallback,build/build.py + source content
site/daily/day-18.html,daily-page,luberon,,displayed,links region map; optional embedded daily map; static fallback,build/build.py + source content
site/daily/day-19.html,daily-page,luberon,,displayed,links region map; optional embedded daily map; static fallback,build/build.py + source content
site/daily/day-20.html,daily-page,luberon|avignon,,displayed,links region map; optional embedded daily map; static fallback,build/build.py + source content
site/daily/day-21.html,daily-page,avignon,,displayed,links region map; optional embedded daily map; static fallback,build/build.py + source content
site/daily/day-22.html,daily-page,avignon,,displayed,links region map; optional embedded daily map; static fallback,build/build.py + source content
site/daily/day-23.html,daily-page,avignon,,displayed,links region map; optional embedded daily map; static fallback,build/build.py + source content
site/daily/day-24.html,daily-page,avignon|lyon,,displayed,links region map; optional embedded daily map; static fallback,build/build.py + source content
site/daily/day-25.html,daily-page,lyon,,displayed,links region map; optional embedded daily map; static fallback,build/build.py + source content
site/daily/day-26.html,daily-page,lyon,,displayed,links region map; optional embedded daily map; static fallback,build/build.py + source content
site/daily/day-27.html,daily-page,lyon,,displayed,links region map; optional embedded daily map; static fallback,build/build.py + source content
site/daily/day-28.html,daily-page,lyon|paris,,displayed,links region map; optional embedded daily map; static fallback,build/build.py + source content
site/daily/day-29.html,daily-page,paris,,displayed,links region map; optional embedded daily map; static fallback,build/build.py + source content
site/daily/day-30.html,daily-page,paris,,displayed,links region map; optional embedded daily map; static fallback,build/build.py + source content
site/daily/day-31.html,daily-page,paris,,displayed,links region map; optional embedded daily map; static fallback,build/build.py + source content
site/daily/day-32.html,daily-page,paris,,displayed,links region map; optional embedded daily map; static fallback,build/build.py + source content
site/daily/day-33.html,daily-page,paris,,displayed,links region map; optional embedded daily map; static fallback,build/build.py + source content
site/daily/day-34.html,daily-page,paris,,displayed,links region map; optional embedded daily map; static fallback,build/build.py + source content
site/daily/day-35.html,daily-page,paris,,displayed,links region map; optional embedded daily map; static fallback,build/build.py + source content
site/daily/day-36.html,daily-page,paris,,displayed,links region map; optional embedded daily map; static fallback,build/build.py + source content
site/daily/day-37.html,daily-page,paris,,displayed,links region map; optional embedded daily map; static fallback,build/build.py + source content
site/daily/day-38.html,daily-page,paris,,displayed,links region map; optional embedded daily map; static fallback,build/build.py + source content
site/daily/day-39.html,daily-page,paris,,displayed,links region map; optional embedded daily map; static fallback,build/build.py + source content
site/daily/day-40.html,daily-page,paris,,displayed,links region map; optional embedded daily map; static fallback,build/build.py + source content
site/daily/day-41.html,daily-page,paris,,displayed,links region map; optional embedded daily map; static fallback,build/build.py + source content
site/daily/day-42.html,daily-page,paris,,displayed,links region map; optional embedded daily map; static fallback,build/build.py + source content
site/daily/day-43.html,daily-page,paris,,displayed,links region map; optional embedded daily map; static fallback,build/build.py + source content
site/index.html,navigation-page,barcelona|girona|nice|aix|luberon|avignon|lyon|paris,,,links region maps,build/build.py + source content
site/maps/aix.html,region-map-display,aix,,,renders Leaflet/OSM region map and point list,build_maps()
site/maps/avignon.html,region-map-display,avignon,,,renders Leaflet/OSM region map and point list,build_maps()
site/maps/barcelona.html,region-map-display,barcelona,,,renders Leaflet/OSM region map and point list,build_maps()
site/maps/girona.html,region-map-display,girona,,,renders Leaflet/OSM region map and point list,build_maps()
site/maps/index.html,map-index-page,barcelona|girona|nice|aix|luberon|avignon|lyon|paris,,,links all region maps,build/build.py + source content
site/maps/luberon.html,region-map-display,luberon,,,renders Leaflet/OSM region map and point list,build_maps()
site/maps/lyon.html,region-map-display,lyon,,,renders Leaflet/OSM region map and point list,build_maps()
site/maps/nice.html,region-map-display,nice,,,renders Leaflet/OSM region map and point list,build_maps()
site/maps/offline.html,offline-map-page,all,,,downloads 8 generated KML files,build_offline_maps()
site/maps/paris.html,region-map-display,paris,,,renders Leaflet/OSM region map and point list,build_maps()
site/places/abbaye-de-senanque.html,place-detail-page,luberon,,,links owning region map,build/build.py + source content
site/places/annecy.html,place-detail-page,lyon,,,links owning region map,build/build.py + source content
site/places/atelier-des-lauves.html,place-detail-page,aix,,,links owning region map,build/build.py + source content
site/places/barri-gotic.html,place-detail-page,barcelona,,,links owning region map,build/build.py + source content
site/places/bastide-du-jas-de-bouffan.html,place-detail-page,aix,,,links owning region map,build/build.py + source content
site/places/bellecour.html,place-detail-page,lyon,,,links owning region map,build/build.py + source content
site/places/biblioteca-de-catalunya.html,place-detail-page,barcelona,,,links owning region map,build/build.py + source content
site/places/bnf-richelieu.html,place-detail-page,paris,,,links owning region map,build/build.py + source content
site/places/bonnieux.html,place-detail-page,luberon,,,links owning region map,build/build.py + source content
site/places/bourse-de-commerce-pinault-collection.html,place-detail-page,paris,,,links owning region map,build/build.py + source content
site/places/calanques.html,place-detail-page,aix,,,links owning region map,build/build.py + source content
site/places/calella-de-palafrugell.html,place-detail-page,girona,,,links owning region map,build/build.py + source content
site/places/cannes.html,place-detail-page,nice,,,links owning region map,build/build.py + source content
site/places/carrieres-de-bibemus.html,place-detail-page,aix,,,links owning region map,build/build.py + source content
site/places/carrieres-des-lumieres.html,place-detail-page,avignon,,,links owning region map,build/build.py + source content
site/places/cassis.html,place-detail-page,aix,,,links owning region map,build/build.py + source content
site/places/cau-ferrat.html,place-detail-page,barcelona,,,links owning region map,build/build.py + source content
site/places/centre-pompidou.html,place-detail-page,paris,,,links owning region map,build/build.py + source content
site/places/colline-du-chateau.html,place-detail-page,nice,,,links owning region map,build/build.py + source content
site/places/collioure.html,place-detail-page,girona,,,links owning region map,build/build.py + source content
site/places/cours-mirabeau.html,place-detail-page,aix,,,links owning region map,build/build.py + source content
site/places/cours-saleya.html,place-detail-page,nice,,,links owning region map,build/build.py + source content
site/places/coustellet.html,place-detail-page,luberon,,,links owning region map,build/build.py + source content
site/places/croix-rousse.html,place-detail-page,lyon,,,links owning region map,build/build.py + source content
site/places/fourviere.html,place-detail-page,lyon,,,links owning region map,build/build.py + source content
site/places/girona-cathedral.html,place-detail-page,girona,,,links owning region map,build/build.py + source content
site/places/giverny.html,place-detail-page,paris,,,links owning region map,build/build.py + source content
site/places/glanum.html,place-detail-page,avignon,,,links owning region map,build/build.py + source content
site/places/gordes.html,place-detail-page,luberon,,,links owning region map,build/build.py + source content
site/places/goult.html,place-detail-page,luberon,,,links owning region map,build/build.py + source content
site/places/grand-palais.html,place-detail-page,paris,,,links owning region map,build/build.py + source content
site/places/grasse.html,place-detail-page,aix,,,links owning region map,build/build.py + source content
site/places/halles-de-lyon-paul-bocuse.html,place-detail-page,lyon,,,links owning region map,build/build.py + source content
site/places/l-isle-sur-la-sorgue.html,place-detail-page,luberon,,,links owning region map,build/build.py + source content
site/places/latin-quarter.html,place-detail-page,paris,,,links owning region map,build/build.py + source content
site/places/le-marais.html,place-detail-page,paris,,,links owning region map,build/build.py + source content
site/places/le-rocher.html,place-detail-page,nice,,,links owning region map,build/build.py + source content
site/places/le-suquet.html,place-detail-page,nice,,,links owning region map,build/build.py + source content
site/places/les-baux-de-provence.html,place-detail-page,avignon,,,links owning region map,build/build.py + source content
site/places/les-halles.html,place-detail-page,avignon,,,links owning region map,build/build.py + source content
site/places/lourmarin.html,place-detail-page,luberon,,,links owning region map,build/build.py + source content
site/places/macba.html,place-detail-page,barcelona,,,links owning region map,build/build.py + source content
site/places/marche-de-la-liberation.html,place-detail-page,nice,,,links owning region map,build/build.py + source content
site/places/marche-forville.html,place-detail-page,nice,,,links owning region map,build/build.py + source content
site/places/menerbes.html,place-detail-page,luberon,,,links owning region map,build/build.py + source content
site/places/monaco.html,place-detail-page,nice,,,links owning region map,build/build.py + source content
site/places/montagne-sainte-victoire-terrain-des-peintres.html,place-detail-page,aix,,,links owning region map,build/build.py + source content
site/places/montmartre-south-pigalle.html,place-detail-page,paris,,,links owning region map,build/build.py + source content
site/places/montorgueil.html,place-detail-page,paris,,,links owning region map,build/build.py + source content
site/places/musee-d-orsay.html,place-detail-page,paris,,,links owning region map,build/build.py + source content
site/places/musee-de-l-orangerie.html,place-detail-page,paris,,,links owning region map,build/build.py + source content
site/places/musee-du-louvre.html,place-detail-page,paris,,,links owning region map,build/build.py + source content
site/places/musee-granet.html,place-detail-page,aix,,,links owning region map,build/build.py + source content
site/places/musee-marmottan-monet.html,place-detail-page,paris,,,links owning region map,build/build.py + source content
site/places/notre-dame-de-paris.html,place-detail-page,paris,,,links owning region map,build/build.py + source content
site/places/onyar.html,place-detail-page,girona,,,links owning region map,build/build.py + source content
site/places/oppede-le-vieux.html,place-detail-page,luberon,,,links owning region map,build/build.py + source content
site/places/palais-des-papes.html,place-detail-page,avignon,,,links owning region map,build/build.py + source content
site/places/palau-de-maricel.html,place-detail-page,barcelona,,,links owning region map,build/build.py + source content
site/places/pals.html,place-detail-page,girona,,,links owning region map,build/build.py + source content
site/places/parc-de-la-tete-d-or.html,place-detail-page,lyon,,,links owning region map,build/build.py + source content
site/places/peralada.html,place-detail-page,girona,,,links owning region map,build/build.py + source content
site/places/peratallada.html,place-detail-page,girona,,,links owning region map,build/build.py + source content
site/places/place-richelme-place-des-precheurs.html,place-detail-page,aix,,,links owning region map,build/build.py + source content
site/places/pont-du-gard.html,place-detail-page,avignon,,,links owning region map,build/build.py + source content
site/places/pont-saint-benezet.html,place-detail-page,avignon,,,links owning region map,build/build.py + source content
site/places/promenade-des-anglais.html,place-detail-page,nice,,,links owning region map,build/build.py + source content
site/places/rocher-des-doms.html,place-detail-page,avignon,,,links owning region map,build/build.py + source content
site/places/rotonde.html,place-detail-page,aix,,,links owning region map,build/build.py + source content
site/places/roussillon-sentier-des-ocres.html,place-detail-page,luberon,,,links owning region map,build/build.py + source content
site/places/sagrada-familia.html,place-detail-page,barcelona,,,links owning region map,build/build.py + source content
site/places/saint-paul-de-mausole.html,place-detail-page,avignon,,,links owning region map,build/build.py + source content
site/places/saint-paul-de-vence.html,place-detail-page,aix,,,links owning region map,build/build.py + source content
site/places/saint-remy-de-provence.html,place-detail-page,avignon,,,links owning region map,build/build.py + source content
site/places/sant-pau-recinte-modernista.html,place-detail-page,barcelona,,,links owning region map,build/build.py + source content
site/places/sitges.html,place-detail-page,barcelona,,,links owning region map,build/build.py + source content
site/places/uzes.html,place-detail-page,avignon,,,links owning region map,build/build.py + source content
site/places/versailles.html,place-detail-page,paris,,,links owning region map,build/build.py + source content
site/places/vieux-lyon.html,place-detail-page,lyon,,,links owning region map,build/build.py + source content
site/places/vieux-nice.html,place-detail-page,nice,,,links owning region map,build/build.py + source content
site/places/village-des-bories.html,place-detail-page,luberon,,,links owning region map,build/build.py + source content
site/regions.html,navigation-page,barcelona|girona|nice|aix|luberon|avignon|lyon|paris,,,links region maps,build/build.py + source content
