slug	src	page
barcelona-city	01_barcelona_city-map-2025.jpg	0
barcelona-bus-turistic	56_barcelona_bus-turistic-route-map.pdf	1
sitges	02_sitges_planol-2024-front.jpg	0
costa-brava-region	13_costabrava_mapa-2026.pdf	2
emporda-region	12_emporda_planol-2017.pdf	1
cadaques	07_cadaques_mapa.pdf	1
tossa-de-mar	08_tossa_planol-2024.pdf	1
collioure	05_collioure_plan-2026.pdf	1
paca-region	44_provence_top28.pdf	1
nice	14_nice_plan-2026.pdf	1
antibes	15_antibes_plan-2024.pdf	1
cannes	16_cannes_plan-sousmain-2025.pdf	1
eze	20_eze_plan-2026.pdf	1
villefranche-sur-mer	19_villefranche_plan-2026.pdf	1
monaco	18_monaco_plan-officiel-2022.pdf	1
saint-jean-cap-ferrat	63_saint-jean-cap-ferrat_plan-map-2023-2024.pdf	2
aix-en-provence	23_aix_plan-sousmain-periph.pdf	1
marseille	27_marseille_plan-omtcm-2022.pdf	2
cassis	28_cassis_plan.pdf	1
vaucluse-region	30_vaucluse_carte-touristique.pdf	2
luberon-region	31_luberon_carte-destination.pdf	1
gordes	32_gordes_plan.pdf	1
isle-sur-la-sorgue	34_isle-sur-sorgue_plan-2026.pdf	1
roussillon	57_roussillon_plan-touristique-2026.pdf	1
provence-region	42_alpilles_map-region-EN.pdf	1
alpilles-region	42_alpilles_map-region-EN.pdf	2
avignon	52_avignon_plan-loisirs-patrimoine-2024-FR.pdf	1
saint-remy-de-provence	40_saint-remy_plan-2025.pdf	1
les-baux-de-provence	41_les-baux_plan-2026.pdf	1
arles	37_arles_plan.pdf	1
nimes	38_nimes_plan-a3-2026.pdf	1
pont-du-gard	43_pont-du-gard_plan-du-site.pdf	4
lyon	46_lyon_unesco.pdf	1
annecy	48_annecy_tour-du-lac.pdf	1
versailles	50_versailles_plan-touristique-2024.pdf	1
giverny	51_giverny_carnet-de-cartes.pdf	9
vernon	51_giverny_carnet-de-cartes.pdf	7
menton-region	61_menton-riviera-merveilles_carte-territoire-2022.jpg	0
