Chapter,SectionPath,HeadingLevel,WordCount,PlaceholderCount,DraftingNotes
Barcelona·Sitges,Preamble,0,57,0,
Barcelona·Sitges,Commercial Guide Module,1,20,0,
Barcelona·Sitges,Editor’s Verdict,2,49,0,
Barcelona·Sitges,놓치면 아쉬운 선택,2,77,0,
Barcelona·Sitges,하루를 완성하는 네 가지 선택,2,68,0,
Barcelona·Sitges,이 지역의 Top 10,2,28,0,
Barcelona·Sitges,현장 메모,2,45,0,
Barcelona·Sitges,04. 바르셀로나·시체스 3박 4일,1,59,0,
Barcelona·Sitges,Phase 10 공식정보 원칙,2,22,0,
Barcelona·Sitges,Regional Context & Scheduled Place Dossiers,1,0,0,
Barcelona·Sitges,지역을 이해하는 다섯 개의 층,2,0,0,
Barcelona·Sitges,역사,3,14,0,
Barcelona·Sitges,경제,3,11,0,
Barcelona·Sitges,사회,3,8,0,
Barcelona·Sitges,문화,3,13,0,
Barcelona·Sitges,이번 여행에서의 의미,3,10,0,
Barcelona·Sitges,이 3박이 여행 전체에서 하는 일,2,45,0,
Barcelona·Sitges,일정에 포함된 장소별 상세 가이드,2,24,0,
Barcelona·Sitges,Day 2 — 사그라다 파밀리아 · 산 파우,3,0,0,
Barcelona·Sitges,Sagrada Família {{grade:essential|필수}},4,0,0,
Barcelona·Sitges,무엇인가,5,32,0,
Barcelona·Sitges,핵심 — 기둥이 나무인 이유,5,115,0,
Barcelona·Sitges,실용,5,56,1,Pending: {{badge:pending|재확인}}
Barcelona·Sitges,Sant Pau Recinte Modernista {{grade:essential|필수}},4,0,0,
Barcelona·Sitges,무엇인가 — 병원을 도시로 지었다,5,104,0,
Barcelona·Sitges,핵심 — 45도의 이유,5,138,0,
Barcelona·Sitges,실용,5,24,1,Pending: {{badge:pending|재확인}}
Barcelona·Sitges,Day 3 — 고딕 지구 · 시장 · 도서관,3,0,0,
Barcelona·Sitges,Barri Gòtic {{grade:essential|필수}},4,0,0,
Barcelona·Sitges,무엇인가,5,184,0,
Barcelona·Sitges,Biblioteca de Catalunya {{grade:priority|우선추천}},4,0,0,
Barcelona·Sitges,무엇인가 — 산 파우의 전편,5,135,0,
Barcelona·Sitges,실용,5,21,1,Pending: {{badge:pending|재확인}}
Barcelona·Sitges,MACBA {{grade:optional|선택}},4,106,1,Pending: {{badge:pending|재확인}}
Barcelona·Sitges,Day 4 — 시체스 경유,3,0,0,
Barcelona·Sitges,왜 시체스를 경유하는가,4,31,0,
Barcelona·Sitges,Cau Ferrat {{grade:essential|필수}},4,0,0,
Barcelona·Sitges,무엇인가 — 모더니즘의 신전,5,59,0,
Barcelona·Sitges,핵심 — 다섯 번의 축제가 만든 것,5,65,0,
Barcelona·Sitges,소장품에서 볼 것,5,79,0,
Barcelona·Sitges,실용,5,29,2,Pending: {{badge:pending|재확인}}; Pending: {{badge:pending|재확인}}
Barcelona·Sitges,Palau de Maricel {{grade:priority|우선추천}},4,134,0,
Barcelona·Sitges,시체스 2시간 30분 핵심 동선,4,57,1,Internal Term: P0 연결
Barcelona·Sitges,8월 31일 중요 정정,2,26,0,
Barcelona·Sitges,실행지도 · 현장 사용,2,50,0,
Barcelona·Sitges,Layer 1. Quick Reference · 확정 일정 · 실행표,1,0,0,
Barcelona·Sitges,1. 한눈에 보는 실행 요약,2,304,2,Pending: {{badge:pending|무료취소기한 재확인}}; Pending: {{badge:pending|요금 공식 확인}}
Barcelona·Sitges,일정의 핵심 논리,3,26,0,
Barcelona·Sitges,2. 날짜별 확정 일정,2,0,0,
Barcelona·Sitges,Day 1 — 8월 29일 토요일,3,0,0,
Barcelona·Sitges,"도착, 숙소 정착, 생활권 적응",3,135,0,
Barcelona·Sitges,Day 2 — 8월 30일 일요일,3,0,0,
Barcelona·Sitges,"사그라다 파밀리아와 산파우 — 돌, 빛, 도시개혁",3,248,1,Pending: {{badge:pending|영업시간 확인}}
Barcelona·Sitges,Day 3 — 8월 31일 월요일,3,0,0,
Barcelona·Sitges,책과 도시의 기억 — 고딕지구·카탈루냐 도서관·MACBA,3,284,0,
Barcelona·Sitges,Day 4 — 9월 1일 화요일,3,0,0,
Barcelona·Sitges,"렌터카 인수, 시체스 모더니즘과 바다, 지로나 이동",3,396,0,
Barcelona·Sitges,⚠ 인수 창구에서 반드시 할 말 — 프랑스 주행 신고 {{badge:p0|보험}},3,83,1,Pending: {{badge:pending|요금·조건 계약서 확인}}
Barcelona·Sitges,⚠ 미결정 권고 — 시체스를 이 날 넣을 것인가 {{badge:pending|사용자 결정 대기}},3,199,1,Pending: {{badge:pending|Rodalies R2 Sud 시각·운임 확인}}
Barcelona·Sitges,9월 1일의 의사결정 기준,3,41,0,
Barcelona·Sitges,3. 피로도와 하루 활동량,2,98,0,
Barcelona·Sitges,4. 예약 우선순위 실행표,2,175,0,
Barcelona·Sitges,Layer 2. 지역 이해 · 동네 · 추천등급 · 볼거리,1,0,0,
Barcelona·Sitges,5. 바르셀로나와 카탈루냐를 이해하는 다섯 가지 열쇠,2,0,0,
Barcelona·Sitges,5.1 바르셀로나는 ‘고딕도시’이면서 ‘계획도시’다,3,61,0,
Barcelona·Sitges,5.2 카탈루냐어는 장식이 아니라 일상의 언어다,3,40,0,
Barcelona·Sitges,5.3 모더니즘은 가우디 한 사람의 스타일이 아니다,3,30,0,
Barcelona·Sitges,5.4 시장은 관광명소이기 전에 생활 인프라다,3,35,0,
Barcelona·Sitges,5.5 2026년은 도시 전체가 건축을 말하는 해다,3,28,0,
Barcelona·Sitges,6. 추천등급 기준,2,106,0,
Barcelona·Sitges,7. 숙소 생활권과 동네별 성격,2,40,0,
Barcelona·Sitges,7.1 Dreta de l’Eixample 동부 — 가장 균형 잡힌 1순위,3,75,0,
Barcelona·Sitges,7.2 Sagrada Família 서쪽·Fort Pienc — 가격과 실행성의 2순위,3,58,0,
Barcelona·Sitges,7.3 Vila de Gràcia — 생활감은 좋지만 이동 효율은 3순위,3,50,0,
Barcelona·Sitges,7.4 Sant Antoni — 음식·시장·현대도시를 좋아하면 좋은 대안,3,49,0,
Barcelona·Sitges,"7.5 Born·Gòtic — 방문은 필수, 숙박은 비추천",3,29,0,
Barcelona·Sitges,7.6 Poblenou — 장기체류에는 좋지만 이번 3박에는 비효율,3,21,0,
Barcelona·Sitges,8. 주요 관광지 상세 설명과 추천등급,2,0,0,
Barcelona·Sitges,8.1 Basílica de la Sagrada Família,3,35,0,
Barcelona·Sitges,실용정보,4,140,1,Pending: {{badge:pending|출발 전 재확인}}
Barcelona·Sitges,Jason·Julia 관람 순서,4,61,0,
Barcelona·Sitges,타워 선택 판단,4,48,0,
Barcelona·Sitges,2026 특별 포인트,4,39,0,
Barcelona·Sitges,8.2 Recinte Modernista de Sant Pau,3,106,1,Pending: {{badge:pending|출발 전 재확인}}
Barcelona·Sitges,8.3 Gothic Quarter와 Plaça del Rei,3,48,0,
Barcelona·Sitges,8.4 Biblioteca de Catalunya,3,67,0,
Barcelona·Sitges,8.5 MACBA — Museu d’Art Contemporani de Barcelona,3,77,1,Pending: {{badge:pending|출발 전 재확인}}
Barcelona·Sitges,8.6 Museu Picasso de Barcelona,3,68,1,Pending: {{badge:pending|공식 확인 필요}}
Barcelona·Sitges,8.7 MNAC — Museu Nacional d’Art de Catalunya,3,51,1,Pending: {{badge:pending|공식 확인 필요}}
Barcelona·Sitges,8.8 Fundació Joan Miró,3,38,0,
Barcelona·Sitges,8.9 Disseny Hub Barcelona,3,44,0,
Barcelona·Sitges,9. 미술관·박물관·도서관·서점 선택표,2,193,1,Pending: {{badge:pending|공식 확인}}
Barcelona·Sitges,서점 세부 추천,3,51,0,
Barcelona·Sitges,10. 시체스 지역 이해와 핵심 동선,2,0,0,
Barcelona·Sitges,10.1 왜 시체스를 경유하는가,3,33,0,
Barcelona·Sitges,10.2 2시간 30분 핵심동선,3,33,0,
Barcelona·Sitges,10.3 Cau Ferrat와 Maricel,3,73,0,
Barcelona·Sitges,10.4 해변 선택,3,36,0,
Barcelona·Sitges,Layer 3. 숙소 · 음식 · 생활 · 운동 · 이벤트 · 예약 · 대체안,1,0,0,
Barcelona·Sitges,11. 숙소 선택 원칙과 예산,2,10,0,
Barcelona·Sitges,11.1 예산 산식,3,57,0,
Barcelona·Sitges,11.2 공통 필수 확인,3,100,0,
Barcelona·Sitges,12. 실제 숙소 후보 7곳,2,303,0,
Barcelona·Sitges,12.1 1순위: Hotel SERHS Carlit,3,47,0,
Barcelona·Sitges,12.2 2순위: Hotel Glòries,3,29,0,
Barcelona·Sitges,12.3 3순위: Leonardo Boutique Hotel Barcelona Sagrada Familia,3,28,0,
Barcelona·Sitges,12.4 4순위: Praktik Garden,3,50,0,
Barcelona·Sitges,12.5 5순위: Motel One Barcelona-Ciutadella,3,41,0,
Barcelona·Sitges,12.6 6순위: Aparthotel Napols,3,28,0,
Barcelona·Sitges,12.7 숙소 최종 선택 알고리즘,3,53,0,
Barcelona·Sitges,먹거리 — 카탈루냐 요리의 문법,1,16,0,
Barcelona·Sitges,카탈루냐 요리의 기본 문법,2,82,0,
Barcelona·Sitges,시체스의 xató,2,34,0,
Barcelona·Sitges,이 구간의 식사 전략,2,60,1,Pending: {{badge:pending|확인 권장}}
Barcelona·Sitges,시간대,2,53,0,
Barcelona·Sitges,13. 레스토랑과 카페 — 실명·메뉴·가격·예약,2,16,0,
Barcelona·Sitges,13.1 확정 또는 우선 예약 레스토랑,3,145,0,
Barcelona·Sitges,13.2 Bodega Joan — 예산과 전통의 균형,3,108,0,
Barcelona·Sitges,13.3 La Paradeta — 사그라다 뒤의 실용적 해산물,3,46,0,
Barcelona·Sitges,13.4 Bar Cañete — 한 번의 집중 타파스,3,51,0,
Barcelona·Sitges,13.5 La Zorra Sitges — 이동일 점심의 기준점,3,52,0,
Barcelona·Sitges,식당 카드 — La Zorra {{badge:p0|9/1 확정 점심}},4,203,0,
Barcelona·Sitges,13.6 추가 식당 후보,3,122,0,
Barcelona·Sitges,14. 카페 5곳,2,160,0,
Barcelona·Sitges,15. 시장·슈퍼·빵·햄·치즈·제철 과일,2,0,0,
Barcelona·Sitges,15.1 Mercat de la Concepció — 실제 장보기 1순위,3,99,0,
Barcelona·Sitges,15.2 Boqueria — 상징성은 높지만 이번에는 선택,3,21,0,
Barcelona·Sitges,15.3 Santa Caterina — Born 일정과 결합할 대안,3,28,0,
Barcelona·Sitges,15.4 슈퍼마켓 사용 원칙,3,36,0,
Barcelona·Sitges,15.5 8월 말 제철 구입 추천,3,45,0,
Barcelona·Sitges,15.6 2인 3일 아침·점심 장보기 예시,3,84,0,
Barcelona·Sitges,16. Jason 운동 — 헬스장과 러닝,2,38,0,
Barcelona·Sitges,16.1 러닝: Passeig de Sant Joan–Ciutadella (Eixample 대안),3,55,0,
Barcelona·Sitges,16.2 러닝 2순위: Barceloneta 해변,3,19,0,
Barcelona·Sitges,16.3 CEM Joan Miró,3,67,0,
Barcelona·Sitges,16.4 DiR Claris,3,33,0,
Barcelona·Sitges,17. Julia 선택 수영시설,2,19,0,
Barcelona·Sitges,17.1 Club Natació Atlètic-Barceloneta,3,58,0,
Barcelona·Sitges,17.2 CEM Joan Miró,3,19,0,
Barcelona·Sitges,17.3 선택 기준,3,40,0,
Barcelona·Sitges,18. 2026년 행사·특별전 — 체류기간에 실제로 겹치는 것,2,211,0,
Barcelona·Sitges,행사 운영 원칙,3,30,0,
Barcelona·Sitges,교통 — 이 구간의 이동 구조,1,0,0,
Barcelona·Sitges,이 구간의 성격 — 아직 차가 없다,2,13,0,
Barcelona·Sitges,지하철·버스,2,27,1,Pending: {{badge:pending|요금 재확인}}
Barcelona·Sitges,Barcelona Sants — Day 4의 기점,2,49,1,Internal Term: P0 연결
Barcelona·Sitges,시체스까지,2,34,0,
Barcelona·Sitges,저배출구역 (ZBE),2,13,1,Pending: {{badge:pending|확인 필요}}
Barcelona·Sitges,19. 공항·시내교통 실용정보,2,0,0,
Barcelona·Sitges,19.1 공항에서 숙소,3,98,2,Pending: {{badge:pending|요금 공식 확인}}; Pending: {{badge:pending|요금 공식 확인}}
Barcelona·Sitges,19.2 2026 시내교통권,3,62,0,
Barcelona·Sitges,20. 9월 1일 렌터카 인수 실행 가이드,2,0,0,
Barcelona·Sitges,20.1 인수지 권장: Barcelona Sants,3,38,1,Pending: {{badge:pending|영업시간 공식 확인}}
Barcelona·Sitges,20.2 예약 시 반드시 넣을 조건,3,66,0,
Barcelona·Sitges,20.3 현장 10분 점검,3,54,0,
Barcelona·Sitges,20.4 바르셀로나 ZBE,3,40,0,
Barcelona·Sitges,21. 시체스 주차와 이동,2,0,0,
Barcelona·Sitges,21.1 1순위: Can Robert,3,30,0,
Barcelona·Sitges,21.2 2순위: Plaça del Pou Vedre 지하주차장,3,38,0,
Barcelona·Sitges,21.3 주차비 판단,3,24,0,
Barcelona·Sitges,22. 우천·지연·피로 대체안,2,0,0,
Barcelona·Sitges,22.1 8월 29일 항공 지연,3,52,0,
Barcelona·Sitges,22.2 8월 30일 비,3,34,0,
Barcelona·Sitges,22.3 8월 30일 사그라다 예약 실패,3,32,0,
Barcelona·Sitges,22.4 8월 31일 피로,3,28,0,
Barcelona·Sitges,22.5 9월 1일 렌터카 지연,3,48,0,
Barcelona·Sitges,22.6 9월 1일 폭우·교통경보,3,24,0,
Barcelona·Sitges,23. 예약카드,2,0,0,
Barcelona·Sitges,예약카드 A — 사그라다 파밀리아,3,73,0,
Barcelona·Sitges,예약카드 B — 바르셀로나 숙소 · 예약완료,3,101,1,Pending: {{badge:pending|재확인}}
Barcelona·Sitges,예약카드 C — Bar Cañete,3,56,0,
Barcelona·Sitges,예약카드 D — 렌터카,3,86,0,
Barcelona·Sitges,예약카드 E — La Zorra Sitges,3,70,0,
Barcelona·Sitges,24. 출발 전 확인목록,2,0,0,
Barcelona·Sitges,D-60–D-45,3,45,0,
Barcelona·Sitges,D-30–D-14,3,41,0,
Barcelona·Sitges,D-7,3,58,0,
Barcelona·Sitges,D-2–D-1,3,52,0,
Barcelona·Sitges,매일 밤 5분 점검,3,35,0,
Barcelona·Sitges,25. 현지 안전과 지속가능한 여행,2,76,0,
Barcelona·Sitges,경비 — 예산 설계,1,17,0,
Barcelona·Sitges,3박 4일 구조 (2인),2,48,0,
Barcelona·Sitges,입장료 — 이 구간의 특징,2,54,5,Pending: {{badge:pending|재확인}}; Pending: {{badge:pending|재확인}}; Pending: {{badge:pending|재확인}}; Pending: {{badge:pending|재확인}}; Pending: {{badge:pending|재확인}}
Barcelona·Sitges,절감 여지,2,44,0,
Barcelona·Sitges,결제,2,27,0,
Barcelona·Sitges,"26. 예상 현지비용 — 2인, 숙박 제외",2,135,0,
Barcelona·Sitges,편집자 큐레이션 — 바르셀로나·시체스를 더 깊게 경험하는 법,2,22,0,
Barcelona·Sitges,{{VISUAL:VIS-MAP-047|type=map|status=linked|strategy=execution-map}} 바르셀로나 도시구조와 3박 핵심동선,3,15,0,
Barcelona·Sitges,{{VISUAL:VIS-PHOTO-088|type=photo|status=pre-publication|strategy=licensed-or-direct}} Sagrada Família 내부의 빛과 기둥,3,13,0,
Barcelona·Sitges,편집자가 고른 핵심 방문지 5곳,3,0,0,
Barcelona·Sitges,Sagrada Família — “가우디 건축”보다 도시가 140년 넘게 이어온 집단 프로젝트,4,86,0,
Barcelona·Sitges,Recinte Modernista de Sant Pau — 화려한 병원이 아니라 ‘빛과 정원으로 치료하려 한 도시개혁’,4,55,0,
Barcelona·Sitges,Gothic Quarter·Plaça del Rei — 중세유적보다 ‘층이 겹친 도시’를 보는 곳,4,64,0,
Barcelona·Sitges,Biblioteca de Catalunya — 관광명소가 아닌 ‘조용한 카탈루냐 문화기관’ 체험,4,57,0,
Barcelona·Sitges,Sitges {{grade:optional|선택}},4,214,0,
Barcelona·Sitges,바르셀로나에서 꼭 체험할 것,3,74,0,
Barcelona·Sitges,식당을 장소처럼 이해하기,3,16,0,
Barcelona·Sitges,식당 카드 — Bodega Joan {{badge:pending|8/29·30 저녁 결정}},4,123,0,
Barcelona·Sitges,식당 카드 — Bar Cañete {{badge:pending|8/31 점심 예약 결정}},4,119,0,
Barcelona·Sitges,Bodega Joan — 관광객도 편하게 이용할 수 있는 오래된 동네식당,4,53,0,
Barcelona·Sitges,La Paradeta — 주문 자체가 경험인 해산물 식당,4,9,0,
Barcelona·Sitges,식당 카드 — La Paradeta Sagrada Família {{badge:p0|8/30 계획 점심}},4,178,0,
Barcelona·Sitges,Bar Cañete — 한 번만 선택할 ‘집중 타파스’,4,28,0,
Barcelona·Sitges,La Zorra Sitges — 이동일에도 지역 쌀요리를 포기하지 않는 방법,4,29,0,
Barcelona·Sitges,Granja M. Viader — ‘카페’보다 바르셀로나 식문화의 작은 박물관,4,39,0,
Barcelona·Sitges,현장에서의 최종 선택 규칙,3,51,0,
Barcelona·Sitges,대안 루트 — 이번 일정에서 배제한 경로,1,14,0,
Barcelona·Sitges,우선순위,2,52,0,
Barcelona·Sitges,Palau de la Música Catalana {{badge:rest|1순위}},2,57,1,Pending: {{badge:pending|재확인}}
Barcelona·Sitges,Casa Batlló · La Pedrera (Casa Milà),2,32,0,
Barcelona·Sitges,Park Güell,2,28,1,Pending: {{badge:pending|재확인}}
Barcelona·Sitges,Museu Picasso,2,32,0,
Barcelona·Sitges,Montjuïc,2,36,0,
Barcelona·Sitges,Montserrat,2,23,0,
Barcelona·Sitges,27. 공식자료와 검증 기록,2,17,0,
Barcelona·Sitges,관광·교통·건축,3,52,0,
Barcelona·Sitges,미술관·도서관·서점,3,46,0,
Barcelona·Sitges,시장·운동,3,31,0,
Barcelona·Sitges,음식,3,58,0,
Barcelona·Sitges,시체스·도로·주차,3,47,0,
Barcelona·Sitges,숙소 가격 참고,3,25,0,
Barcelona·Sitges,28. 최종 결론,2,112,0,
Barcelona·Sitges,검증 상태 — 보강본 근거,1,192,1,Pending: {{badge:pending|2026-08 확인 · 출발 전 재확인}}
Girona·Collioure·Empordà,Preamble,0,14,0,
Girona·Collioure·Empordà,Commercial Guide Module,1,25,0,
Girona·Collioure·Empordà,Editor’s Verdict,2,58,0,
Girona·Collioure·Empordà,놓치면 아쉬운 선택,2,86,0,
Girona·Collioure·Empordà,하루를 완성하는 네 가지 선택,2,78,0,
Girona·Collioure·Empordà,이 지역의 Top 10,2,29,0,
Girona·Collioure·Empordà,현장 메모,2,43,0,
Girona·Collioure·Empordà,Chapter 05. 지로나·콜리우르·바이스 엠포르다,1,0,0,
Girona·Collioure·Empordà,"중세도시의 저녁, 프랑스 카탈루냐 해안마을, 석조마을과 코스타브라바",2,59,0,
Girona·Collioure·Empordà,Phase 10 공식정보 원칙,2,22,0,
Girona·Collioure·Empordà,Regional Context & Scheduled Place Dossiers,1,0,0,
Girona·Collioure·Empordà,이 3박이 여행 전체에서 하는 일,2,78,0,
Girona·Collioure·Empordà,지역을 이해하는 다섯 개의 층,2,0,0,
Girona·Collioure·Empordà,역사 — 로마 도시 위에 얹힌 중세,3,51,0,
Girona·Collioure·Empordà,Call — 600년이 사라진 자리,3,119,0,
Girona·Collioure·Empordà,경제 — 관광도시가 아니다,3,34,0,
Girona·Collioure·Empordà,사회 — 강 하나로 갈리는 두 생활권,3,42,0,
Girona·Collioure·Empordà,문화 — 다양성이 축이다,3,18,0,
Girona·Collioure·Empordà,일정에 포함된 장소별 상세 가이드,2,24,0,
Girona·Collioure·Empordà,Day 1 — 지로나,3,0,0,
Girona·Collioure·Empordà,1. 지로나 대성당 — 필수,4,0,0,
Girona·Collioure·Empordà,무엇인가,5,63,0,
Girona·Collioure·Empordà,핵심 — 23미터를 기둥 없이 건너뛴 결정,5,100,0,
Girona·Collioure·Empordà,보물관 — 세 점이 전부다,5,156,0,
Girona·Collioure·Empordà,그 밖에,5,28,0,
Girona·Collioure·Empordà,실용,5,51,0,
Girona·Collioure·Empordà,2. 성벽 (Passeig de la Muralla) — 필수,4,0,0,
Girona·Collioure·Empordà,무엇인가,5,63,0,
Girona·Collioure·Empordà,관람 요령,5,86,0,
Girona·Collioure·Empordà,실용,5,40,0,
Girona·Collioure·Empordà,3. Call — 유대인 지구,4,70,0,
Girona·Collioure·Empordà,실용,5,46,0,
Girona·Collioure·Empordà,4. 오냐르 강변 — 우선 추천,4,0,0,
Girona·Collioure·Empordà,무엇인가,5,18,0,
Girona·Collioure·Empordà,관람 요령,5,55,0,
Girona·Collioure·Empordà,Day 2 — 콜리우르 · 페랄라다,3,0,0,
Girona·Collioure·Empordà,5. 콜리우르 시장 (수요일) — 필수,4,94,0,
Girona·Collioure·Empordà,6. Château Royal de Collioure — 필수,4,0,0,
Girona·Collioure·Empordà,무엇인가,5,89,0,
Girona·Collioure·Empordà,실용,5,26,0,
Girona·Collioure·Empordà,7. Chemin du Fauvisme — 필수,4,0,0,
Girona·Collioure·Empordà,무엇인가 — 석 달이 미술사를 바꾼 사건,5,133,0,
Girona·Collioure·Empordà,어떻게 걷는가,5,124,0,
Girona·Collioure·Empordà,실용,5,45,0,
Girona·Collioure·Empordà,8. 페랄라다 — 본 일정에서 제외,4,82,1,Pending: {{badge:pending|2026-08 확인 · 출발 전 재확인}}
Girona·Collioure·Empordà,Day 3 — 엠포르다 · 코스타 브라바,3,58,0,
Girona·Collioure·Empordà,9. Pals — 우선 추천,4,0,0,
Girona·Collioure·Empordà,무엇인가,5,75,0,
Girona·Collioure·Empordà,관람 요령,5,102,0,
Girona·Collioure·Empordà,알아 둘 것,5,29,0,
Girona·Collioure·Empordà,10. Peratallada — 필수,4,0,0,
Girona·Collioure·Empordà,무엇인가,5,29,0,
Girona·Collioure·Empordà,핵심 — 해자를 먼저 보라,5,103,0,
Girona·Collioure·Empordà,볼 것,5,36,0,
Girona·Collioure·Empordà,실용,5,51,0,
Girona·Collioure·Empordà,11. Calella de Palafrugell — 필수,4,0,0,
Girona·Collioure·Empordà,무엇인가,5,26,0,
Girona·Collioure·Empordà,핵심 — Les Voltes는 식당 테라스가 아니었다,5,77,0,
Girona·Collioure·Empordà,Camí de Ronda,5,70,0,
Girona·Collioure·Empordà,Cap Roig 정원,5,25,0,
Girona·Collioure·Empordà,실용,5,59,0,
Girona·Collioure·Empordà,유대사 박물관 (Museu d’Història dels Jueus) — 선택,3,48,2,Pending: {{badge:pending|재확인}}; Pending: {{badge:pending|재확인}}
Girona·Collioure·Empordà,실행지도 · 현장 사용,2,49,0,
Girona·Collioure·Empordà,Layer 1. 한눈에 보는 실행 정보,1,0,0,
Girona·Collioure·Empordà,1. Quick Reference,2,172,0,
Girona·Collioure·Empordà,2. 전체 일정표,2,88,0,
Girona·Collioure·Empordà,3. 동선 도식,2,69,0,
Girona·Collioure·Empordà,4. 이 일정이 Jason·Julia에게 맞는 이유,1,80,0,
Girona·Collioure·Empordà,5. 확정 숙소와 운영 전략,1,0,0,
Girona·Collioure·Empordà,5.1 Bàscara 확정 숙소,2,112,0,
Girona·Collioure·Empordà,5.2 거점 성격,2,57,0,
Girona·Collioure·Empordà,5.3 출발 전 재확인,2,30,0,
Girona·Collioure·Empordà,6. Day 1 — 9월 1일 화요일,1,0,0,
Girona·Collioure·Empordà,Barcelona → Sitges → Girona 또는 Bàscara,2,0,0,
Girona·Collioure·Empordà,오늘의 목표,3,24,0,
Girona·Collioure·Empordà,체크인 시간 확인 후 고르는 운영안,3,77,0,
Girona·Collioure·Empordà,6.1 필수 일정,2,0,0,
Girona·Collioure·Empordà,지로나 대성당 — 필수,3,37,0,
Girona·Collioure·Empordà,성벽 — 필수,3,27,1,Pending: {{badge:pending|공식 확인}}
Girona·Collioure·Empordà,Onyar 강변 — 우선 추천,3,17,0,
Girona·Collioure·Empordà,6.2 선택,2,24,0,
Girona·Collioure·Empordà,6.3 지연 시 대체,2,32,0,
Girona·Collioure·Empordà,6.4 저녁식사,2,0,0,
Girona·Collioure·Empordà,Casa Marieta — 기본 추천,3,21,0,
Girona·Collioure·Empordà,대체,3,44,0,
Girona·Collioure·Empordà,7. Day 2 — 9월 2일 수요일,1,0,0,
Girona·Collioure·Empordà,Bàscara → Collioure → Cadaqués → Bàscara,2,0,0,
Girona·Collioure·Empordà,오늘의 테마,3,31,0,
Girona·Collioure·Empordà,7.1 권장 시간표,2,82,0,
Girona·Collioure·Empordà,7.2 콜리우르 주차,2,0,0,
Girona·Collioure·Empordà,기본: 공식 외곽 주차장(출발 전 재확인),3,35,0,
Girona·Collioure·Empordà,대체,3,17,0,
Girona·Collioure·Empordà,7.3 콜리우르 시장 — 필수,2,47,0,
Girona·Collioure·Empordà,7.4 Château Royal — 필수,2,29,1,Pending: {{badge:pending|공식 확인}}
Girona·Collioure·Empordà,7.5 Chemin du Fauvisme — 필수,2,44,0,
Girona·Collioure·Empordà,7.6 콜리우르 점심,2,0,0,
Girona·Collioure·Empordà,Le Jardin de Collioure — 사전예약형,3,68,0,
Girona·Collioure·Empordà,대체,3,12,0,
Girona·Collioure·Empordà,7.7 현지 구매,2,0,0,
Girona·Collioure·Empordà,Anchois Roque,3,16,0,
Girona·Collioure·Empordà,7.8 Peralada — 본 일정에서 제외,2,25,0,
Girona·Collioure·Empordà,대체안(예약 확인 시 별도일에만 검토),3,15,0,
Girona·Collioure·Empordà,마을 산책,3,12,0,
Girona·Collioure·Empordà,취소 기준,3,24,0,
Girona·Collioure·Empordà,7.9 Bàscara 복귀와 저녁,2,0,0,
Girona·Collioure·Empordà,Girona 식당은 우회 선택,3,29,0,
Girona·Collioure·Empordà,기본,3,33,0,
Girona·Collioure·Empordà,8. Day 3 — 9월 3일 목요일,1,0,0,
Girona·Collioure·Empordà,Bàscara → Tossa de Mar → Sant Feliu de Guíxols → Pals → Peratallada → Bàscara,2,0,0,
Girona·Collioure·Empordà,오늘의 테마,3,27,0,
Girona·Collioure·Empordà,8.1 권장 시간표,2,94,0,
Girona·Collioure·Empordà,8.2 Pals — 우선 추천,2,0,0,
Girona·Collioure·Empordà,볼 것,3,49,0,
Girona·Collioure·Empordà,주차,3,15,0,
Girona·Collioure·Empordà,체류 원칙,3,16,0,
Girona·Collioure·Empordà,8.3 Peratallada — 필수,2,0,0,
Girona·Collioure·Empordà,볼 것,3,42,0,
Girona·Collioure·Empordà,주차,3,32,0,
Girona·Collioure·Empordà,점심,3,0,0,
Girona·Collioure·Empordà,1순위 후보,4,8,0,
Girona·Collioure·Empordà,가벼운 선택,4,25,0,
Girona·Collioure·Empordà,8.4 Calella de Palafrugell — 핵심 일정에서 제외된 대체안,2,0,0,
Girona·Collioure·Empordà,볼 것,3,28,0,
Girona·Collioure·Empordà,주차,3,32,0,
Girona·Collioure·Empordà,해안산책,3,0,0,
Girona·Collioure·Empordà,기본,4,19,0,
Girona·Collioure·Empordà,선택,4,26,0,
Girona·Collioure·Empordà,8.5 Calella 카페·이른 저녁,2,0,0,
Girona·Collioure·Empordà,El Tragamar — 전망과 휴식,3,18,0,
Girona·Collioure·Empordà,El Didal — 해산물,3,11,0,
Girona·Collioure·Empordà,Calau — 타파스,3,14,0,
Girona·Collioure·Empordà,Sa Jambina — 생선요리,3,13,0,
Girona·Collioure·Empordà,8.6 Bàscara 복귀와 저녁,2,30,0,
Girona·Collioure·Empordà,간단한 디저트,3,28,0,
Girona·Collioure·Empordà,9. Day 4 — 9월 4일 금요일,1,0,0,
Girona·Collioure·Empordà,Bàscara 체크아웃 후 니스로 이동 {{badge:p0|P0 연결}},2,263,2,Pending: {{badge:pending|Hertz 변경 확인}}; Pending: {{badge:pending|기내 캐리어 확인}}
Girona·Collioure·Empordà,국경을 넘는 차가 아니다 — 그래도 확인할 것,3,78,1,Pending: {{badge:pending|요금·조건 예약서 확인}}
Girona·Collioure·Empordà,출발 전 30분 옵션,2,19,0,
Girona·Collioure·Empordà,Layer 2. 지역 이해와 선택 정보,1,0,0,
Girona·Collioure·Empordà,11. 추천 등급,1,155,0,
Girona·Collioure·Empordà,12. 운동과 휴식,1,0,0,
Girona·Collioure·Empordà,Jason,2,0,0,
Girona·Collioure·Empordà,기본 러닝,3,22,0,
Girona·Collioure·Empordà,대체,3,13,0,
Girona·Collioure·Empordà,Julia,2,32,0,
Girona·Collioure·Empordà,스케치,2,0,0,
Girona·Collioure·Empordà,1순위,3,10,0,
Girona·Collioure·Empordà,2순위,3,20,0,
Girona·Collioure·Empordà,13. 음식·시장·카페,1,0,0,
Girona·Collioure·Empordà,엠포르다 요리를 이해하는 한 문장,2,42,0,
Girona·Collioure·Empordà,주문할 때 찾을 것,2,126,0,
Girona·Collioure·Empordà,날짜별 성격,2,101,0,
Girona·Collioure·Empordà,시장,2,23,0,
Girona·Collioure·Empordà,13.1 지로나에서 살 것,2,24,0,
Girona·Collioure·Empordà,13.2 Mercat del Lleó,2,19,0,
Girona·Collioure·Empordà,13.3 거리시장,2,19,0,
Girona·Collioure·Empordà,13.4 추천 식당 역할표,2,68,0,
Girona·Collioure·Empordà,13.5 카페·빵집 후보,2,33,0,
Girona·Collioure·Empordà,14. 2026년 체류기간 이벤트,1,0,0,
Girona·Collioure·Empordà,확정적으로 겹치는 전시,2,0,0,
Girona·Collioure·Empordà,Bòlit 전시 시리즈,3,21,0,
Girona·Collioure·Empordà,Museum of Jewish History 특별전,3,4,0,
Girona·Collioure·Empordà,Visa pour l’Image 연계 사진전,3,7,0,
Girona·Collioure·Empordà,9월 2일 행사,2,13,0,
Girona·Collioure·Empordà,체류기간 이후,2,11,0,
Girona·Collioure·Empordà,15. 주차·운전·안전,1,0,0,
Girona·Collioure·Empordà,이 구간이 가장 복잡한 이유,2,15,0,
Girona·Collioure·Empordà,국경 통과,2,54,0,
Girona·Collioure·Empordà,통행료 — 표기가 반대다,2,91,0,
Girona·Collioure·Empordà,연료,2,71,0,
Girona·Collioure·Empordà,운전 규칙,2,48,0,
Girona·Collioure·Empordà,주차 색 구분,2,33,0,
Girona·Collioure·Empordà,거점·도시별,2,57,0,
Girona·Collioure·Empordà,지로나,2,26,0,
Girona·Collioure·Empordà,콜리우르,2,24,0,
Girona·Collioure·Empordà,Peratallada·Pals,2,13,0,
Girona·Collioure·Empordà,Calella de Palafrugell,2,17,0,
Girona·Collioure·Empordà,경비,1,8,0,
Girona·Collioure·Empordà,3박 4일 구조 (2인),2,56,0,
Girona·Collioure·Empordà,입장료,2,89,0,
Girona·Collioure·Empordà,절감 여지,2,52,0,
Girona·Collioure·Empordà,결제,2,35,0,
Girona·Collioure·Empordà,대안 루트 — 이번 일정에서 배제한 경로,1,26,0,
Girona·Collioure·Empordà,우선순위 요약,2,92,0,
Girona·Collioure·Empordà,A. 푸볼 — 갈라 달리 성 **(1순위)**,2,64,0,
Girona·Collioure·Empordà,B. 엠푸리에스 — 그리스·로마 유적 **(2순위)**,2,87,0,
Girona·Collioure·Empordà,C. 피게레스 — 달리 극장미술관 **(3순위)**,2,89,0,
Girona·Collioure·Empordà,D. 우야스트레트 — 이베리아 유적,2,40,1,Pending: {{badge:pending|운영시간 공식 확인}}
Girona·Collioure·Empordà,E. 카다케스 · 포르트리가트 · 캅 데 크레우스,2,73,0,
Girona·Collioure·Empordà,F. 베살루 · 바뇰레스 · 가로차 화산지대,2,54,0,
Girona·Collioure·Empordà,16. 우천·교통지연 대체안,1,0,0,
Girona·Collioure·Empordà,Day 1 비,2,16,0,
Girona·Collioure·Empordà,Day 2 비,2,20,0,
Girona·Collioure·Empordà,Day 3 비,2,0,0,
Girona·Collioure·Empordà,기본 대체,3,20,0,
Girona·Collioure·Empordà,마을 방문 유지,3,12,0,
Girona·Collioure·Empordà,교통지연 기준,2,36,0,
Girona·Collioure·Empordà,17. 예약 카드,1,0,0,
Girona·Collioure·Empordà,Bàscara 확정 숙소,2,40,0,
Girona·Collioure·Empordà,Girona Cathedral,2,29,0,
Girona·Collioure·Empordà,Château Royal de Collioure,2,17,1,Pending: {{badge:pending|공식 확인}}
Girona·Collioure·Empordà,Museu de Peralada,2,23,0,
Girona·Collioure·Empordà,Day 3 점심,2,20,0,
Girona·Collioure·Empordà,18. 출발 전 최종 확인,1,96,0,
Girona·Collioure·Empordà,Layer 3. 상용 가이드북형 장소·음식 큐레이션,1,26,0,
Girona·Collioure·Empordà,{{VISUAL:VIS-MAP-048|type=map|status=linked|strategy=execution-map}} Bàscara·Girona·Collioure·Baix Empordà 3박 권역 지도,3,14,0,
Girona·Collioure·Empordà,{{VISUAL:VIS-PHOTO-089|type=photo|status=travel-capture|strategy=direct-shot}} Girona 성벽에서 본 대성당과 구시가지,3,11,0,
Girona·Collioure·Empordà,{{VISUAL:VIS-PHOTO-090|type=diagram|status=editorial-ready|strategy=generated-diagram}} Collioure 항구와 Notre-Dame-des-Anges,3,14,0,
Girona·Collioure·Empordà,편집자가 고른 핵심 장소 7곳,2,0,0,
Girona·Collioure·Empordà,Girona Cathedral {{grade:essential|필수}},3,281,0,
Girona·Collioure·Empordà,Jewish Quarter — 관광골목이 아니라 중세 도시의 압축된 생활공간,3,40,0,
Girona·Collioure·Empordà,Onyar 강변 {{grade:essential|필수}},3,219,0,
Girona·Collioure·Empordà,Collioure {{grade:essential|필수}},3,261,2,Pending: {{badge:pending|공식 확인}}; Pending: {{badge:pending|운영일 공식 확인}}
Girona·Collioure·Empordà,Peralada {{grade:priority|우선추천}},3,144,0,
Girona·Collioure·Empordà,Pals {{grade:priority|우선추천}},3,175,1,Pending: {{badge:pending|요금 공식 확인}}
Girona·Collioure·Empordà,Peratallada {{grade:essential|필수}},3,215,0,
Girona·Collioure·Empordà,Calella de Palafrugell {{grade:essential|필수}},3,205,0,
Girona·Collioure·Empordà,꼭 체험할 것,2,60,0,
Girona·Collioure·Empordà,식당 큐레이션,2,0,0,
Girona·Collioure·Empordà,Casa Marieta — 도착일에 가장 안정적인 Girona 전통식,3,21,0,
Girona·Collioure·Empordà,Fonda Cal Ros — 카탈루냐 가정식에 가까운 선택,3,21,0,
Girona·Collioure·Empordà,Normal — 특별한 한 끼를 원할 때만 선택,3,21,0,
Girona·Collioure·Empordà,Le Jardin de Collioure — 항구의 관광식당보다 계획 가능한 점심,3,24,0,
Girona·Collioure·Empordà,Peratallada 점심 — 식당 이름보다 ‘시간 통제’가 핵심,3,28,0,
Girona·Collioure·Empordà,현장 선택 규칙,2,47,0,
Girona·Collioure·Empordà,19. 공식·주요 참고자료,1,123,0,
Girona·Collioure·Empordà,20. 확정사항과 남은 미결정,1,0,0,
Girona·Collioure·Empordà,확정,2,45,0,
Girona·Collioure·Empordà,미결정,2,18,0,
Girona·Collioure·Empordà,검증 상태,1,306,2,Pending: {{badge:pending|2026-08 확인 · 출발 전 재확인}}; Pending: {{badge:pending|2026-08 확인 · 출발 전 재확인}}
Nice·Côte d'Azur,Preamble,0,68,0,
Nice·Côte d'Azur,Commercial Guide Module,1,19,0,
Nice·Côte d'Azur,Editor’s Verdict,2,52,0,
Nice·Côte d'Azur,놓치면 아쉬운 선택,2,86,0,
Nice·Côte d'Azur,하루를 완성하는 네 가지 선택,2,65,0,
Nice·Côte d'Azur,이 지역의 Top 10,2,27,0,
Nice·Côte d'Azur,현장 메모,2,42,0,
Nice·Côte d'Azur,06. 니스와 코트다쥐르 5박 6일,1,0,0,
Nice·Côte d'Azur,"지중해 생활도시, 칸과 모나코, 시장과 해안풍경",2,99,0,
Nice·Côte d'Azur,Phase 10 공식정보 원칙,2,22,0,
Nice·Côte d'Azur,Regional Context & Scheduled Place Dossiers,1,0,0,
Nice·Côte d'Azur,이 5박이 여행 전체에서 하는 일,2,67,0,
Nice·Côte d'Azur,이 도시를 이해하는 축,2,0,0,
Nice·Côte d'Azur,니스는 프랑스에 늦게 합류했다,3,86,0,
Nice·Côte d'Azur,왜 병합에 찬성했는가 — 항구 문제,3,45,0,
Nice·Côte d'Azur,성이 없어진 도시,3,56,0,
Nice·Côte d'Azur,경제 — 관광이 전부는 아니다,3,20,0,
Nice·Côte d'Azur,일정에 포함된 장소별 상세 가이드,2,24,0,
Nice·Côte d'Azur,Day 7–8 — 니스 도착과 핵심,3,0,0,
Nice·Côte d'Azur,Promenade des Anglais {{grade:essential|필수}},4,0,0,
Nice·Côte d'Azur,무엇인가,5,190,0,
Nice·Côte d'Azur,Cours Saleya {{grade:essential|필수}},4,0,0,
Nice·Côte d'Azur,무엇인가,5,29,0,
Nice·Côte d'Azur,관광지인가 아닌가,5,100,0,
Nice·Côte d'Azur,실용,5,55,0,
Nice·Côte d'Azur,Colline du Château (성채 언덕) {{grade:essential|필수}},4,0,0,
Nice·Côte d'Azur,무엇인가 — 이름과 실물이 다르다,5,64,0,
Nice·Côte d'Azur,관람 요령,5,103,0,
Nice·Côte d'Azur,실용,5,24,0,
Nice·Côte d'Azur,Vieux Nice — 구시가지 {{grade:essential|필수}},4,0,0,
Nice·Côte d'Azur,왜 이 여행에서 중요한가,5,46,0,
Nice·Côte d'Azur,무엇인가,5,22,0,
Nice·Côte d'Azur,볼 것,5,100,0,
Nice·Côte d'Azur,Day 9 — 칸 당일치기,3,0,0,
Nice·Côte d'Azur,Marché Forville {{grade:essential|필수}},4,0,0,
Nice·Côte d'Azur,무엇인가,5,182,0,
Nice·Côte d'Azur,Le Suquet — 칸 구시가지 {{grade:essential|필수}},4,40,1,Pending: {{badge:pending|운영·요금 재확인}}
Nice·Côte d'Azur,무엇인가 — 칸이 시작된 언덕,5,127,0,
Nice·Côte d'Azur,Day 10 — 모나코 당일치기,3,0,0,
Nice·Côte d'Azur,Le Rocher — 모나코 구시가지 {{grade:essential|필수}},4,65,2,Pending: {{badge:pending|시각 재확인}}; Pending: {{badge:pending|확인 필요}}
Nice·Côte d'Azur,무엇인가 — 700년의 바위,5,106,0,
Nice·Côte d'Azur,Day 11 — 생활·회복일,3,0,0,
Nice·Côte d'Azur,Marché de la Libération {{grade:priority|우선추천}},4,0,0,
Nice·Côte d'Azur,무엇인가 — 진짜 장을 보는 곳,5,132,0,
Nice·Côte d'Azur,실행지도 · 현장 사용,2,48,0,
Nice·Côte d'Azur,Layer 1. Quick Reference · 확정 일정 · 실행표,1,0,0,
Nice·Côte d'Azur,1. 한눈에 보는 실행 요약,2,236,0,
Nice·Côte d'Azur,이 일정이 Jason·Julia에게 맞는 이유,3,32,0,
Nice·Côte d'Azur,2. 시각요소 자리표시자,2,0,0,
Nice·Côte d'Azur,{{VISUAL:VIS-MAP-041|type=map|status=linked|strategy=execution-map}} 니스와 코트다쥐르 전체 개요 지도,3,20,0,
Nice·Côte d'Azur,{{VISUAL:VIS-MAP-042|type=map|status=linked|strategy=execution-map}} 9/5 니스 도보 동선 지도,3,15,0,
Nice·Côte d'Azur,{{VISUAL:VIS-MAP-043|type=map|status=linked|strategy=execution-map}} 9/6 Cannes 당일치기 동선 지도,3,12,0,
Nice·Côte d'Azur,{{VISUAL:VIS-MAP-044|type=map|status=linked|strategy=execution-map}} 9/7 Monaco 당일치기 동선 지도,3,12,0,
Nice·Côte d'Azur,{{VISUAL:VIS-MAP-045|type=map|status=linked|strategy=execution-map}} 9/8 Nice 생활·회복 지도,3,18,0,
Nice·Côte d'Azur,{{VISUAL:VIS-MAP-046|type=map|status=linked|strategy=execution-map}} 9/9 Nice→Saint-Paul-de-Vence→Grasse→Aix 이동 지도,3,14,0,
Nice·Côte d'Azur,3. 날짜별 확정 일정,2,103,0,
Nice·Côte d'Azur,4. Day 1 — 9월 4일 금요일,2,0,0,
Nice·Côte d'Azur,"니스 도착, 체크인, Promenade 적응",3,84,0,
Nice·Côte d'Azur,5. Day 2 — 9월 5일 토요일,2,0,0,
Nice·Côte d'Azur,"Nice 핵심: 시장, 구시가지, 성채언덕, 해변",3,103,0,
Nice·Côte d'Azur,6. Day 3 — 9월 6일 일요일,2,0,0,
Nice·Côte d'Azur,"Cannes 당일치기: 시장, 구시가지, 항구, Croisette",3,88,0,
Nice·Côte d'Azur,7. Day 4 — 9월 7일 월요일,2,0,0,
Nice·Côte d'Azur,"Monaco 당일치기: 왕실 구시가지, 항구, Monte Carlo",3,91,0,
Nice·Côte d'Azur,8. Day 5 — 9월 8일 화요일,2,0,0,
Nice·Côte d'Azur,"Nice 생활·회복일: 시장, 사진미술관 선택, 세탁과 해변",3,141,0,
Nice·Côte d'Azur,9. Day 6 — 9월 9일 수요일,2,0,0,
Nice·Côte d'Azur,"렌터카 인수, Saint-Paul-de-Vence·Grasse, Aix 이동",3,201,1,Pending: {{badge:pending|무인반납 확인}}
Nice·Côte d'Azur,10. 피로도와 삭제 우선순위,2,78,0,
Nice·Côte d'Azur,Layer 2. 지역 이해 · 동네 · 추천등급 · 방문지 설명,1,0,0,
Nice·Côte d'Azur,11. 니스와 코트다쥐르를 어떻게 볼 것인가,2,78,0,
Nice·Côte d'Azur,12. 동네와 숙소 생활권,2,119,0,
Nice·Côte d'Azur,Jason·Julia에게 가장 적합한 이유,3,25,0,
Nice·Côte d'Azur,13. 추천등급 요약,2,195,0,
Nice·Côte d'Azur,14. 주요 방문지 상세 소개,2,0,0,
Nice·Côte d'Azur,14.1 Cours Saleya — 니스를 시작하는 가장 좋은 장소,3,0,0,
Nice·Côte d'Azur,{{VISUAL:VIS-PHOTO-079|type=photo|status=travel-capture|strategy=direct-shot}} 꽃과 식품 노점이 이어진 Cours Saleya,3,88,0,
Nice·Côte d'Azur,14.2 Vieux Nice — 관광지가 아니라 “도시의 기억”으로 보기,3,0,0,
Nice·Côte d'Azur,{{VISUAL:VIS-PHOTO-080|type=photo|status=pre-publication|strategy=licensed-or-direct}} Vieux Nice의 주황빛 건물과 좁은 골목,3,65,0,
Nice·Côte d'Azur,14.3 Colline du Château — 니스를 한 번에 이해하는 전망대,3,0,0,
Nice·Côte d'Azur,{{VISUAL:VIS-PHOTO-081|type=photo|status=pre-publication|strategy=licensed-or-direct}} Castle Hill에서 내려다본 Baie des Anges,3,68,0,
Nice·Côte d'Azur,Cannes {{grade:priority|우선추천}},3,0,0,
Nice·Côte d'Azur,{{VISUAL:VIS-PHOTO-082|type=photo|status=pre-publication|strategy=licensed-or-direct}} Croisette의 야자수와 호텔 파사드,3,11,0,
Nice·Côte d'Azur,무엇인가 — 어촌 언덕과 리조트 해안이 겹친 도시,4,74,0,
Nice·Côte d'Azur,왜 이 여행에 넣었는가,4,51,0,
Nice·Côte d'Azur,관람 포인트,4,179,2,Pending: {{badge:pending|시각·요금 공식 확인}}; Pending: {{badge:pending|운영일 공식 확인}}
Nice·Côte d'Azur,Monaco {{grade:priority|우선추천}},3,0,0,
Nice·Côte d'Azur,{{VISUAL:VIS-PHOTO-083|type=photo|status=pre-publication|strategy=licensed-or-direct}} Monaco-Ville 성벽과 바다 전망,3,13,0,
Nice·Côte d'Azur,무엇인가 — 바위 위의 도시국가,4,80,0,
Nice·Côte d'Azur,왜 이 여행에 넣었는가,4,42,0,
Nice·Côte d'Azur,관람 포인트,4,163,2,Pending: {{badge:pending|공식 확인}}; Pending: {{badge:pending|시각·요금 공식 확인}}
Nice·Côte d'Azur,14.6 Saint-Paul-de-Vence — 이동일에 가장 효율적인 언덕마을,3,0,0,
Nice·Côte d'Azur,{{VISUAL:VIS-PHOTO-084|type=photo|status=pre-publication|strategy=licensed-or-direct}} Saint-Paul-de-Vence 성문과 석조 골목,3,57,0,
Nice·Côte d'Azur,14.7 Grasse — 향수도시를 “박물관”보다 “체험”으로 보기,3,0,0,
Nice·Côte d'Azur,{{VISUAL:VIS-PHOTO-085|type=photo|status=pre-publication|strategy=licensed-or-direct}} 향수 체험 테이블 또는 향수 بوتीक 디스플레이,3,57,0,
Nice·Côte d'Azur,14.8 미술관·박물관은 어떻게 다룰까,3,58,0,
Nice·Côte d'Azur,Layer 3. 숙소 · 음식 · 시장 · 운동 · 이벤트 · 예약 · 대체안,1,0,0,
Nice·Côte d'Azur,15. 숙소 전략,2,0,0,
Nice·Côte d'Azur,15.1 숙소 선택 기준,3,42,0,
Nice·Côte d'Azur,15.2 실제 숙소 후보,3,238,1,Pending: {{badge:pending|트래커 입력}}
Nice·Côte d'Azur,15.3 최종 선택 순서,3,37,0,
Nice·Côte d'Azur,먹거리 — 니스 요리의 문법,1,0,0,
Nice·Côte d'Azur,니스 요리를 이해하는 한 문장,2,25,0,
Nice·Côte d'Azur,반드시 먹을 것,2,68,0,
Nice·Côte d'Azur,진짜와 가짜를 가르는 세 가지 규칙,2,0,0,
Nice·Côte d'Azur,소카 — 미리 담아둔 것을 사지 마라,3,59,0,
Nice·Côte d'Azur,피살라디에르 — 바닥을 보라,3,46,0,
Nice·Côte d'Azur,살라드 니수아즈 — 감자와 그린빈이 들어가면 관광용,3,36,0,
Nice·Côte d'Azur,Cuisine Nissarde 라벨,2,34,0,
Nice·Côte d'Azur,날짜별 전략,2,69,0,
Nice·Côte d'Azur,16. 레스토랑·카페·먹어야 할 것,2,0,0,
Nice·Côte d'Azur,{{VISUAL:VIS-PHOTO-086|type=photo|status=travel-capture|strategy=direct-shot}} petits farcis 또는 socca 한 접시,3,9,0,
Nice·Côte d'Azur,16.1 저녁식당 추천,3,141,0,
Nice·Côte d'Azur,16.2 Cannes 점심 후보,3,49,0,
Nice·Côte d'Azur,16.3 Monaco 점심 후보,3,46,0,
Nice·Côte d'Azur,꼭 먹어볼 것 리스트,3,52,0,
Nice·Côte d'Azur,17. 시장·슈퍼·제철 과일·햄·치즈·빵,2,0,0,
Nice·Côte d'Azur,{{VISUAL:VIS-PHOTO-087|type=photo|status=travel-capture|strategy=direct-shot}} Libération 시장의 생활형 장보기 풍경,3,12,0,
Nice·Côte d'Azur,17.1 시장,3,47,0,
Nice·Côte d'Azur,17.2 숙소에서 사둘 것,3,23,0,
Nice·Côte d'Azur,17.3 제철 과일과 지역 식재료,3,52,0,
Nice·Côte d'Azur,18. Jason 운동 · Julia 선택 수영,2,0,0,
Nice·Côte d'Azur,18.1 Jason 러닝,3,40,0,
Nice·Côte d'Azur,18.2 Jason gym 선택,3,18,0,
Nice·Côte d'Azur,18.3 Julia 수영 선택,3,24,0,
Nice·Côte d'Azur,19. 2026 행사·특별전과 이번 일정에서의 다루는 방식,2,41,0,
Nice·Côte d'Azur,20. 우천·지연·피로 대체안,2,0,0,
Nice·Côte d'Azur,20.1 9/5 Nice 도시일 대체안,3,32,0,
Nice·Côte d'Azur,20.2 9/6 Cannes 대체안,3,27,0,
Nice·Côte d'Azur,20.3 9/7 Monaco 대체안,3,24,0,
Nice·Côte d'Azur,20.4 9/8 생활·회복일 대체안,3,26,0,
Nice·Côte d'Azur,20.5 9/9 이동일 대체안,3,21,0,
Nice·Côte d'Azur,교통 — 이 구간의 이동 구조,1,0,0,
Nice·Côte d'Azur,이 구간의 성격 — 차가 없다가 마지막에 생긴다,2,21,1,Internal Term: P0 연결
Nice·Côte d'Azur,니스 시내,2,21,1,Pending: {{badge:pending|요금·명칭 재확인}}
Nice·Côte d'Azur,칸·모나코 — 기차가 정답이다,2,67,1,Pending: {{badge:pending|현행 규정 확인}}
Nice·Côte d'Azur,Day 12 — 니스 공항 렌터카 인수 {{badge:p0|P0 연결}},2,56,0,
Nice·Côte d'Azur,운전 (Day 12부터),2,58,0,
Nice·Côte d'Azur,21. 렌터카·철도·주차 핵심 실무,2,0,0,
Nice·Côte d'Azur,21.1 Nice ↔ Cannes / Monaco,3,23,0,
Nice·Côte d'Azur,21.2 9/9 렌터카 인수,3,20,0,
Nice·Côte d'Azur,21.3 Saint-Paul-de-Vence 주차,3,13,0,
Nice·Côte d'Azur,21.4 Grasse 주차,3,12,0,
Nice·Côte d'Azur,경비 — 예산 설계,1,7,0,
Nice·Côte d'Azur,5박 6일 구조 (2인),2,50,0,
Nice·Côte d'Azur,입장료 — 이 구간의 특징,2,48,3,Pending: {{badge:pending|재확인}}; Pending: {{badge:pending|재확인}}; Pending: {{badge:pending|재확인}}
Nice·Côte d'Azur,모나코 주의,2,19,0,
Nice·Côte d'Azur,절감 여지,2,43,0,
Nice·Côte d'Azur,22. 예약카드,2,0,0,
Nice·Côte d'Azur,22.1 출발 전 예약 우선순위,3,71,0,
Nice·Côte d'Azur,22.2 현장 직전 재확인,3,29,0,
Nice·Côte d'Azur,23. 출발 전 확인목록,2,72,0,
Nice·Côte d'Azur,편집자 큐레이션 — 코트다쥐르의 도시들을 서로 비교하는 법,2,18,0,
Nice·Côte d'Azur,코트다쥐르에서 꼭 기억할 세 장면,3,38,0,
Nice·Côte d'Azur,방문지 관람 포인트 보강,3,0,0,
Nice·Côte d'Azur,Promenade des Anglais — 바다를 ‘보는’ 길이 아니라 도시가 바다를 사용하는 방식,4,23,0,
Nice·Côte d'Azur,Cannes — 화려함을 비판하기 전에 오래된 도시를 먼저 본다,4,24,0,
Nice·Côte d'Azur,Monaco — ‘카지노 구경’보다 수직도시의 이동 자체가 체험,4,16,0,
Nice·Côte d'Azur,Saint-Paul-de-Vence — 유명 갤러리보다 돌과 전망에 집중,4,25,0,
Nice·Côte d'Azur,Grasse — 향수를 ‘사는 곳’보다 후각으로 도시를 기억하는 곳,4,26,0,
Nice·Côte d'Azur,식당 소개 보강,3,0,0,
Nice·Côte d'Azur,Acchiardo — 가족식당의 활기 속에서 니스 전통요리 입문,4,26,0,
Nice·Côte d'Azur,La Table Alziari — 올리브오일과 지역 채소를 중심으로 보는 한 끼,4,18,0,
Nice·Côte d'Azur,La Mérenda — 작은 공간과 고정적인 지역요리의 집중경험,4,20,0,
Nice·Côte d'Azur,Café de Turin — ‘해산물 플래터’의 크기를 통제하는 것이 핵심,4,20,0,
Nice·Côte d'Azur,Chez Pipo — socca를 한 끼가 아니라 도시의 간식으로,4,17,0,
Nice·Côte d'Azur,코트다쥐르 체험 체크리스트,3,56,0,
Nice·Côte d'Azur,현장 선택 규칙,3,43,0,
Nice·Côte d'Azur,대안 루트 — 이번 일정에서 배제한 경로,1,17,0,
Nice·Côte d'Azur,우선순위,2,50,0,
Nice·Côte d'Azur,Èze {{badge:rest|1순위}},2,44,1,Pending: {{badge:pending|버스 편·소요시간·입장료 확인 필요}}
Nice·Côte d'Azur,Villefranche-sur-Mer,2,33,0,
Nice·Côte d'Azur,마티스 미술관 · 시미에,2,59,1,Pending: {{badge:pending|운영·요금·휴관일 확인 필요}}
Nice·Côte d'Azur,샤갈 미술관,2,18,0,
Nice·Côte d'Azur,Antibes,2,28,0,
Nice·Côte d'Azur,Menton,2,28,0,
Nice·Côte d'Azur,24. 공식자료와 참고 출처 범주,2,62,0,
Nice·Côte d'Azur,검증 상태 — 보강본 근거,1,225,2,Pending: {{badge:pending|2026-08 확인 · 출발 전 재확인}}; Pending: {{badge:pending|2026-08 확인 · 출발 전 재확인}}
Aix-en-Provence,Preamble,0,14,0,
Aix-en-Provence,Commercial Guide Module,1,21,0,
Aix-en-Provence,Editor’s Verdict,2,51,0,
Aix-en-Provence,놓치면 아쉬운 선택,2,92,0,
Aix-en-Provence,하루를 완성하는 네 가지 선택,2,62,0,
Aix-en-Provence,이 지역의 Top 10,2,30,0,
Aix-en-Provence,현장 메모,2,90,0,
Aix-en-Provence,07. 엑상프로방스 4박 5일,1,0,0,
Aix-en-Provence,"세잔의 도시, 시장생활과 마르세유의 항구",2,93,0,
Aix-en-Provence,Phase 10 공식정보 원칙,2,22,0,
Aix-en-Provence,Regional Context & Scheduled Place Dossiers,1,0,0,
Aix-en-Provence,이 4박이 여행 전체에서 하는 일,2,80,0,
Aix-en-Provence,이 도시를 이해하는 축,2,0,0,
Aix-en-Provence,관광도시가 아니라 행정·대학·시장 도시다,3,39,0,
Aix-en-Provence,이름이 물에서 왔다,3,31,0,
Aix-en-Provence,쿠르 미라보는 경계이자 무대다,3,40,0,
Aix-en-Provence,세잔을 이해하려면 셋을 나눠 봐야 한다,3,64,0,
Aix-en-Provence,"엑상과 마르세유를 축으로, 카시스는 선택 대안으로",3,20,0,
Aix-en-Provence,일정에 포함된 장소별 상세 가이드,2,22,0,
Aix-en-Provence,Day 12 — 니스에서 엑상으로,3,14,1,Internal Term: P0 연결
Aix-en-Provence,Saint-Paul-de-Vence {{grade:priority|우선추천}},3,0,0,
Aix-en-Provence,무엇인가 — 화가들이 만든 마을,4,50,0,
Aix-en-Provence,Fondation Maeght,4,180,2,Pending: {{badge:pending|재확인}}; Pending: {{badge:pending|재확인 — 출처가 오래됨}}
Aix-en-Provence,마을 묘지 — 샤갈이 있다,4,85,0,
Aix-en-Provence,⚠ 시간 통제,4,60,0,
Aix-en-Provence,Grasse {{grade:optional|선택}},3,0,0,
Aix-en-Provence,무엇인가 — 향수가 산업이 된 도시,4,96,2,Pending: {{badge:pending|이 유래는 이번 조사에서 검증하지 못했다}}; Pending: {{badge:pending|조사 필요}}
Aix-en-Provence,Day 13 — 시장과 구시가지,3,0,0,
Aix-en-Provence,Cours Mirabeau {{grade:essential|필수}},3,0,0,
Aix-en-Provence,무엇인가 — 성벽을 헐어 만든 길,4,72,0,
Aix-en-Provence,핵심 — 남북의 비대칭,4,84,0,
Aix-en-Provence,분수 넷 — 서쪽에서 동쪽 순서로 만난다,4,0,0,
Aix-en-Provence,Rotonde {{grade:optional|선택}},5,129,0,
Aix-en-Provence,Fontaine des Neuf Canons — 1691,5,56,1,Pending: {{badge:pending|확인 권장}}
Aix-en-Provence,Fontaine Moussue — 1666,5,89,1,Pending: {{badge:pending|확인 권장}}
Aix-en-Provence,Fontaine du Roi René — 동쪽 끝,5,51,0,
Aix-en-Provence,세잔의 흔적,4,81,0,
Aix-en-Provence,시장 — Place Richelme · Place des Prêcheurs {{grade:essential|필수}},3,201,0,
Aix-en-Provence,Musée Granet {{grade:priority|우선추천}},3,0,0,
Aix-en-Provence,⚠ 이 항목은 조사가 부족하다,4,151,2,Pending: {{badge:pending|조사 필요}}; Pending: {{badge:pending|재확인 필수}}
Aix-en-Provence,Day 14 — Marseille 당일치기,3,0,0,
Aix-en-Provence,Marseille {{grade:essential|필수}},3,187,0,
Aix-en-Provence,Vieux-Port {{grade:essential|필수}},3,177,0,
Aix-en-Provence,Le Panier {{grade:priority|우선 추천}},3,114,0,
Aix-en-Provence,Mucem {{grade:essential|필수}},3,169,0,
Aix-en-Provence,Fort Saint-Jean {{grade:essential|필수}},3,173,1,Pending: {{badge:pending|출발 전 재확인}}
Aix-en-Provence,Notre-Dame de la Garde {{grade:optional|선택}},3,80,0,
Aix-en-Provence,엑상 출발·귀환,4,82,0,
Aix-en-Provence,점심·카페 후보,4,58,0,
Aix-en-Provence,안전·축소안,4,47,0,
Aix-en-Provence,선택 대안 — Cassis와 Calanques,3,0,0,
Aix-en-Provence,⚠ 먼저 읽을 것 — 접근이 규제된다,3,18,0,
Aix-en-Provence,전날 저녁에 확인하는 절차,4,77,1,Pending: {{badge:pending|공식 확인}}
Aix-en-Provence,빨간 날이면 어떻게 되는가,4,25,0,
Aix-en-Provence,9월 11일 기준으로 확인된 것,4,118,0,
Aix-en-Provence,Cassis 항구 {{grade:alternative|대체}},3,92,1,Pending: {{badge:pending|공식 확인}}
Aix-en-Provence,Calanques {{grade:alternative|대체}},3,11,0,
Aix-en-Provence,무엇인가,4,26,0,
Aix-en-Provence,두 가지 접근 방식,4,79,0,
Aix-en-Provence,실용,4,51,1,Pending: {{badge:pending|운항사·소요·요금 재확인}}
Aix-en-Provence,Day 15 — 세잔,3,0,0,
Aix-en-Provence,⚠ 2026년 한정 개방 — 이 여행의 최대 행운,3,113,0,
Aix-en-Provence,Atelier des Lauves {{grade:essential|필수}},3,0,0,
Aix-en-Provence,무엇인가 — 마지막 4년,4,29,0,
Aix-en-Provence,핵심 — 이 방의 모든 것이 도구다,4,103,0,
Aix-en-Provence,2026년 새로 생긴 것,4,200,1,Pending: {{badge:pending|2026-08 확인 · 출발 전 재확인}}
Aix-en-Provence,Bastide du Jas de Bouffan {{grade:priority|우선추천}} — 선택,3,0,0,
Aix-en-Provence,무엇인가 — 세잔이 화가가 된 집,4,58,0,
Aix-en-Provence,2026년 새로 공개된 것,4,128,1,Pending: {{badge:pending|재확인}}
Aix-en-Provence,Carrières de Bibémus {{grade:alternative|대체}},3,131,0,
Aix-en-Provence,Montagne Sainte-Victoire · Terrain des Peintres {{grade:priority|우선추천}},3,123,1,Pending: {{badge:pending|정확한 횟수 교차 확인 권장}}
Aix-en-Provence,Day 16 — Lourmarin 경유,3,0,0,
Aix-en-Provence,Lourmarin {{grade:priority|우선추천}},3,46,1,Pending: {{badge:pending|확인 필요}}
Aix-en-Provence,실행지도 · 현장 사용,2,49,0,
Aix-en-Provence,Layer 1. Quick Reference · 확정 일정 · 실행표,1,0,0,
Aix-en-Provence,1. 한눈에 보는 실행 요약,2,180,0,
Aix-en-Provence,일정의 핵심 논리,3,50,0,
Aix-en-Provence,2. 날짜별 확정 일정,2,0,0,
Aix-en-Provence,Day 1 — 9월 9일 수요일,3,0,0,
Aix-en-Provence,"Saint-Paul·Grasse에서 Aix 도착, 주차와 생활권 정착",3,80,0,
Aix-en-Provence,Day 2 — 9월 10일 목요일,3,0,0,
Aix-en-Provence,"시장, Vieil Aix와 Musée Granet",3,99,0,
Aix-en-Provence,Day 3 — 9월 11일 금요일,3,0,0,
Aix-en-Provence,Marseille — 오래된 항구에서 현대 지중해 문화까지,3,117,0,
Aix-en-Provence,Cassis 선택 대안,4,29,0,
Aix-en-Provence,Day 4 — 9월 12일 토요일,3,0,0,
Aix-en-Provence,"시장, Atelier de Cézanne, 스케치와 선택 수영",3,96,0,
Aix-en-Provence,Day 5 — 9월 13일 일요일,3,0,0,
Aix-en-Provence,"Aix 체크아웃, Lourmarin을 거쳐 Luberon 농가로",3,56,0,
Aix-en-Provence,3. 피로도와 하루 활동량,2,88,0,
Aix-en-Provence,4. 문전 이동과 교통 실행표,2,79,0,
Aix-en-Provence,5. 예약 우선순위,2,89,0,
Aix-en-Provence,Layer 2. 지역 이해 · 동네 · 추천등급 · 주변지역,1,0,0,
Aix-en-Provence,6. 엑상을 이해하는 다섯 가지 열쇠,2,0,0,
Aix-en-Provence,6.1 엑상은 관광도시보다 행정·대학·시장도시에 가깝다,3,31,0,
Aix-en-Provence,6.2 Cours Mirabeau는 경계이자 무대다,3,29,0,
Aix-en-Provence,6.3 세잔을 이해하려면 작품·작업실·풍경을 나눠 봐야 한다,3,48,0,
Aix-en-Provence,6.4 프로방스 시장은 관광 이벤트가 아니라 식사의 기반이다,3,29,0,
Aix-en-Provence,"6.5 Aix와 Marseille를 기본축으로, Cassis는 해안 대안으로 둔다",3,44,0,
Aix-en-Provence,7. 동네별 성격과 숙소 적합성,2,165,0,
Aix-en-Provence,최종 권고 범위,3,23,0,
Aix-en-Provence,8. 추천등급,2,216,0,
Aix-en-Provence,9. 주요 장소 상세 안내,2,0,0,
Aix-en-Provence,9.1 Vieil Aix — 짧고 밀도 높은 기본 코스,3,48,0,
Aix-en-Provence,9.2 Musée Granet — Cézanne만 기대하면 안 되는 미술관,3,65,1,Pending: {{badge:pending|공식 확인}}
Aix-en-Provence,9.3 Atelier des Lauves — 작업실의 물건을 보는 법,3,28,0,
Aix-en-Provence,9.4 Bastide du Jas de Bouffan — 선택,3,27,0,
Aix-en-Provence,9.5 Cassis — 항구보다 칼랑크를 중심으로,3,31,0,
Aix-en-Provence,9.6 Marseille Mucem — 건물과 바다를 함께 본다,3,39,0,
Aix-en-Provence,10. 주변지역 선택표,2,108,0,
Aix-en-Provence,Layer 3. 숙소 · 음식 · 시장 · 운동 · 이벤트 · 예약 · 대체안,1,0,0,
Aix-en-Provence,11. 숙소 전략,2,0,0,
Aix-en-Provence,11.1 이번 4박에서 중요한 조건,3,86,0,
Aix-en-Provence,11.2 숙박예산 운영,3,78,0,
Aix-en-Provence,12. 실제 숙소 후보,2,48,0,
Aix-en-Provence,1순위 — Aparthotel Adagio Aix-en-Provence Centre,3,54,1,Pending: {{badge:pending|재확인}}
Aix-en-Provence,2순위 — Odalys City Aix Centre Rotonde / Les Floridianes,3,35,1,Pending: {{badge:pending|재확인}}
Aix-en-Provence,추가 후보 — Maison Dauphine (2026-08-15 조사),3,81,2,Pending: {{badge:pending|재확인}}; Pending: {{badge:pending|재확인}}
Aix-en-Provence,3순위 — Séjours & Affaires Aix-en-Provence Mirabeau,3,38,0,
Aix-en-Provence,4순위 — Aparthotel Adagio Access Aix-en-Provence Université,3,32,0,
Aix-en-Provence,5순위 — Hôtel Rotonde,3,38,0,
Aix-en-Provence,6순위 — Aquabella Hôtel & Spa,3,42,0,
Aix-en-Provence,호텔형 대안 — Grand Hôtel Roi René MGallery,3,30,0,
Aix-en-Provence,숙소 선택 결론,3,36,0,
Aix-en-Provence,교통 — 이 구간의 이동 구조,1,0,0,
Aix-en-Provence,이 구간의 성격 — 차가 생기고 시내에서는 못 쓴다,2,69,0,
Aix-en-Provence,Day 12 렌터카 인수 {{badge:p0|P0 연결}},2,71,0,
Aix-en-Provence,프랑스 도로 — 요약,2,82,0,
Aix-en-Provence,엑상 시내 주차 — 이 구간의 실질 과제,2,77,1,Pending: {{badge:pending|명칭·요금 확인}}
Aix-en-Provence,카시스 주차 — Day 14의 병목,2,49,1,Pending: {{badge:pending|셔틀 운영 확인}}
Aix-en-Provence,저배출구역 (ZFE),2,18,1,Pending: {{badge:pending|확인 필요}}
Aix-en-Provence,13. 렌터카·주차 운영,2,0,0,
Aix-en-Provence,시내 기본 원칙,3,39,0,
Aix-en-Provence,주요 공영주차,3,60,0,
Aix-en-Provence,차량 내 짐,3,36,0,
Aix-en-Provence,먹거리 — 프로방스 요리의 문법,1,0,0,
Aix-en-Provence,프로방스 요리를 이해하는 한 문장,2,22,0,
Aix-en-Provence,먹어야 할 것,2,114,0,
Aix-en-Provence,칼리송이 왜 엑상 것인가,3,33,0,
Aix-en-Provence,아이올리는 요리가 아니라 정식이다,3,45,0,
Aix-en-Provence,카시스에서는 다르게 먹는다,2,77,2,Pending: {{badge:pending|확인 권장}}; Pending: {{badge:pending|현지 확인}}
Aix-en-Provence,날짜별 배치,2,105,0,
Aix-en-Provence,시장 장보기 — 9월,2,65,0,
Aix-en-Provence,14. 음식과 레스토랑,2,13,0,
Aix-en-Provence,14.2 저녁식당 후보,3,145,0,
Aix-en-Provence,14.2b 추가 후보 (2026-08-15 조사),3,167,3,Pending: {{badge:pending|재확인}}; Pending: {{badge:pending|재확인}}; Pending: {{badge:pending|재확인}}
Aix-en-Provence,14.2c Day 14 Marseille 참고 후보 (2026-08-15 조사),3,98,3,Pending: {{badge:pending|재확인}}; Pending: {{badge:pending|재확인}}; Pending: {{badge:pending|재확인}}
Aix-en-Provence,날짜별 배치,3,31,0,
Aix-en-Provence,카페·디저트,3,0,0,
Aix-en-Provence,Pâtisserie Weibel,4,22,0,
Aix-en-Provence,Calissoun / Richelme 시장,4,15,0,
Aix-en-Provence,주문 원칙,3,34,0,
Aix-en-Provence,15. 시장·슈퍼·빵집·장보기,2,0,0,
Aix-en-Provence,시장,3,53,0,
Aix-en-Provence,9월 장보기 목록,3,0,0,
Aix-en-Provence,숙소 아침,4,17,0,
Aix-en-Provence,샌드위치 점심,4,17,0,
Aix-en-Provence,이동일,4,13,0,
Aix-en-Provence,슈퍼 선택,3,18,0,
Aix-en-Provence,피할 구매,3,21,0,
Aix-en-Provence,16. 운동·수영·스케치,2,0,0,
Aix-en-Provence,Jason 러닝,3,0,0,
Aix-en-Provence,Parc de la Torse — 기본,4,24,0,
Aix-en-Provence,중심부 대체,4,12,0,
Aix-en-Provence,Gym,3,46,0,
Aix-en-Provence,Julia 수영,3,0,0,
Aix-en-Provence,Piscine Yves Blanc — 기본 선택,4,32,0,
Aix-en-Provence,대체,4,17,0,
Aix-en-Provence,스케치와 수영 결합,3,53,0,
Aix-en-Provence,17. 2026 행사·특별전,2,136,0,
Aix-en-Provence,18. 우천·폭염·지연·피로 대체안,2,0,0,
Aix-en-Provence,우천,3,54,0,
Aix-en-Provence,폭염,3,32,0,
Aix-en-Provence,산불·미스트랄,3,25,0,
Aix-en-Provence,교통지연,3,38,0,
Aix-en-Provence,피로,3,23,0,
Aix-en-Provence,경비 — 예산 설계,1,7,0,
Aix-en-Provence,4박 5일 구조 (2인),2,73,0,
Aix-en-Provence,입장료 — 확인된 값,2,118,5,Pending: {{badge:pending|2026-08 확인 · 출발 전 재확인}}; Pending: {{badge:pending|재확인}}; Pending: {{badge:pending|재확인}}; Pending: {{badge:pending|재확인}}; Pending: {{badge:pending|재확인}}
Aix-en-Provence,절감 여지,2,90,1,Pending: {{badge:pending|가능 여부 확인}}
Aix-en-Provence,예약이 필요한 것 — 우선순위,2,49,0,
Aix-en-Provence,19. 예약카드,2,0,0,
Aix-en-Provence,예약카드 A — Aix 숙소,3,61,0,
Aix-en-Provence,예약카드 B — Musée Granet,3,53,0,
Aix-en-Provence,예약카드 C — Marseille 기본일,3,66,0,
Aix-en-Provence,예약카드 D — Atelier des Lauves,3,91,0,
Aix-en-Provence,예약카드 E — Cassis 선택 대안,3,48,0,
Aix-en-Provence,예약카드 F — Piscine Yves Blanc,3,42,0,
Aix-en-Provence,20. 출발 전 확인목록,2,0,0,
Aix-en-Provence,숙소·차량,3,48,0,
Aix-en-Provence,관광·교통,3,48,0,
Aix-en-Provence,음식·시장,3,38,0,
Aix-en-Provence,운동·수영·스케치,3,32,0,
Aix-en-Provence,안전,3,40,0,
Aix-en-Provence,편집자 큐레이션 — 엑상과 Marseille를 잇고 Cassis를 대안으로 읽기,2,0,0,
Aix-en-Provence,시각자료 설계 — Aix 생활권·Marseille 기본일·Cassis 대체일 지도,3,14,0,
Aix-en-Provence,사진 에셋 브리프 — Cours Mirabeau의 플라타너스와 분수,3,8,0,
Aix-en-Provence,사진 에셋 브리프 — Cassis 항구와 Calanques 석회암 절벽,3,9,0,
Aix-en-Provence,편집자가 고른 핵심 방문지 6곳,3,0,0,
Aix-en-Provence,Vieil Aix·Cours Mirabeau — 분수의 수보다 ‘광장과 시장이 이어지는 방식’을 본다,4,52,0,
Aix-en-Provence,Atelier des Lauves — 작품보다 작업실의 물건과 창밖 방향,4,35,0,
Aix-en-Provence,Musée Granet — 세잔만 찾지 말고 엑상의 문화도시 역할을 본다,4,37,0,
Aix-en-Provence,Cassis — 항구카페보다 바다와 절벽의 관계,4,43,0,
Aix-en-Provence,Marseille — Vieux-Port에서 Le Panier로 올라 Mucem으로 내려오는 도시,4,43,0,
Aix-en-Provence,Lourmarin — 뤼베롱으로 들어가는 ‘문’이 되는 생활마을,4,17,0,
Aix-en-Provence,엑상에서 꼭 체험할 것,3,62,0,
Aix-en-Provence,식당 소개 보강,3,0,0,
Aix-en-Provence,Coucou — 시장도시 엑상의 현대적 일상식,4,20,0,
Aix-en-Provence,La Brocherie — 장작불 향이 중심인 명료한 저녁,4,20,0,
Aix-en-Provence,Aux Papillons — 특별식은 ‘한 번만’,4,16,0,
Aix-en-Provence,La Kémia — 공유접시와 와인바의 유연성,4,16,0,
Aix-en-Provence,Pâtisserie Weibel — 선물가게가 아니라 엑상의 오후 휴식,4,19,0,
Aix-en-Provence,현장 선택 규칙,3,53,0,
Aix-en-Provence,대안 루트 — 이번 일정에서 배제한 경로,1,14,0,
Aix-en-Provence,우선순위,2,104,0,
Aix-en-Provence,Jas de Bouffan {{badge:rest|1순위}},2,52,0,
Aix-en-Provence,Cassis·Calanques {{badge:rest|2순위}},2,26,0,
Aix-en-Provence,Carrières de Bibémus,2,51,0,
Aix-en-Provence,Montagne Sainte-Victoire 산기슭,2,35,0,
Aix-en-Provence,Vence — 로사리오 예배당,2,59,1,Pending: {{badge:pending|운영일·요금·개방 시간 확인 필요 — 개방일이 제한적이라고 알려져 있다}}
Aix-en-Provence,Salon-de-Provence · Arles,2,31,0,
Aix-en-Provence,후반부와 연결되는 것 — 파리 오르세,2,87,1,Pending: {{badge:pending|확인 필요}}
Aix-en-Provence,21. 공식자료와 검증 범위,2,20,0,
Aix-en-Provence,Aix 시·관광·시장·교통,3,36,0,
Aix-en-Provence,Cézanne·미술관,3,34,0,
Aix-en-Provence,Cassis·Calanques,3,27,0,
Aix-en-Provence,Marseille·교통,3,24,0,
Aix-en-Provence,운동·수영,3,24,0,
Aix-en-Provence,숙소 공식사이트,3,36,0,
Aix-en-Provence,음식·카페,3,31,0,
Aix-en-Provence,22. 최종 편집 판단,2,0,0,
Aix-en-Provence,기본안으로 확정한 것,3,58,0,
Aix-en-Provence,예약 이후 바꿀 수 있는 것,3,51,0,
Aix-en-Provence,Pass B. 일자별 실행성 감사,1,0,0,
Aix-en-Provence,9/9 Nice → Saint-Paul-de-Vence → Grasse → Aix,2,142,0,
Aix-en-Provence,9/10 Aix 핵심도시일,2,44,0,
Aix-en-Provence,9/11 Marseille,2,38,0,
Aix-en-Provence,9/12 시장·Cézanne·스케치,2,54,0,
Aix-en-Provence,9/13 Aix → Lourmarin → Coustellet → 농가,2,40,0,
Aix-en-Provence,검증 상태 — 보강본 근거,1,883,6,Pending: {{badge:pending|2026-08 확인 · 출발 전 재확인}}; Pending: {{badge:pending|2026-08 확인 · 출발 전 재확인}}; Pending: {{badge:pending|2026-08 확인 · 출발 전 재확인}}; Pending: {{badge:pending|2026-08 확인 · 출발 전 재확인}}; Pending: {{badge:pending|2026-08 확인 · 출발 전 재확인}} ...
Luberon,Preamble,0,12,0,
Luberon,Commercial Guide Module,1,22,0,
Luberon,Editor’s Verdict,2,47,0,
Luberon,놓치면 아쉬운 선택,2,82,0,
Luberon,하루를 완성하는 네 가지 선택,2,61,0,
Luberon,이 지역의 Top 10,2,28,0,
Luberon,현장 메모,2,94,0,
Luberon,08. 뤼베롱 농가체험 3박 4일,1,0,0,
Luberon,"석조마을, 오커 지형, 시장, 포도밭과 느린 농가생활",2,122,0,
Luberon,Phase 10 공식정보 원칙,2,22,0,
Luberon,Regional Context & Scheduled Place Dossiers,1,0,0,
Luberon,이 3박이 여행 전체에서 하는 일,2,66,0,
Luberon,이 지역을 이해하는 축,2,0,0,
Luberon,마을이 아니라 생활권이다,3,39,0,
Luberon,돌의 색이 마을의 성격을 바꾼다,3,89,0,
Luberon,9월은 라벤더의 계절이 아니다,3,78,0,
Luberon,시장이 여행의 실제 시간을 결정한다,3,38,0,
Luberon,차를 쓰되 하루 종일 운전하지 않는다,3,30,0,
Luberon,일정에 포함된 장소별 상세 가이드,2,22,0,
Luberon,Day 16 — Lourmarin과 Coustellet,3,12,0,
Luberon,Lourmarin {{grade:essential|필수}},3,0,0,
Luberon,무엇인가 — 카뮈가 익명을 찾아온 마을,4,61,0,
Luberon,무덤 — 크기가 곧 메시지다,4,142,0,
Luberon,Château de Lourmarin,4,36,0,
Luberon,L’Isle 선택 대안과 이어지는 실,4,23,0,
Luberon,실용,4,88,2,Pending: {{badge:pending|요금·운영 재확인}}; Pending: {{badge:pending|2026-08 확인 · 출발 전 재확인}}
Luberon,Coustellet 생산자 시장 {{grade:essential|필수}},3,161,0,
Luberon,Day 17 — 오커와 생활마을,3,0,0,
Luberon,Roussillon · Sentier des Ocres {{grade:essential|필수}},3,0,0,
Luberon,무엇인가 — 두 세기의 채굴이 만든 지형,4,65,0,
Luberon,관람 요령,4,150,0,
Luberon,실용,4,106,2,Pending: {{badge:pending|재확인}}; Pending: {{badge:pending|9월 시간 재확인}}
Luberon,Goult {{grade:priority|우선추천}},3,80,1,Pending: {{badge:pending|조사 필요}}
Luberon,Bonnieux — 대체안 {{grade:alternative|대체}},4,97,0,
Luberon,Day 18 — Gordes · Bories · Sénanque,3,12,0,
Luberon,Gordes {{grade:essential|필수}},3,42,0,
Luberon,무엇인가,4,32,0,
Luberon,⚠ 화요일 시장 — 주차가 이 날의 승부처다,4,43,0,
Luberon,관람 요령,4,52,0,
Luberon,Village des Bories {{grade:priority|우선추천}},3,134,1,Pending: {{badge:pending|운영·요금·소요 확인 필요}}
Luberon,Abbaye de Sénanque {{grade:priority|우선추천}},3,0,0,
Luberon,무엇인가 — 부패에 대한 반작용으로 태어난 건축,4,88,0,
Luberon,핵심 — 장식이 없는 것이 설계다,4,32,0,
Luberon,지금도 수도원이다,4,195,0,
Luberon,실용,4,81,1,Pending: {{badge:pending|재확인}}
Luberon,선택 모듈 — 농가와 능선마을,3,19,0,
Luberon,Ménerbes — A안 {{grade:priority|우선추천}},3,125,1,Pending: {{badge:pending|조사 필요}}
Luberon,Oppède-le-Vieux — B안 {{grade:alternative|대체}},3,77,1,Pending: {{badge:pending|조사 필요}}
Luberon,선택 대안 — L'Isle-sur-la-Sorgue,3,0,0,
Luberon,⚠ 먼저 — 목요일 시장은 일요일 시장이 아니다,3,56,0,
Luberon,상설 골동품 상가는 어떤가,4,86,0,
Luberon,무엇인가 — 물의 도시,3,37,0,
Luberon,물레바퀴 순회로,4,48,0,
Luberon,르네 샤르,3,21,0,
Luberon,실용 — 주차,3,75,0,
Luberon,실행지도 · 현장 사용,2,48,0,
Luberon,Layer 1. Quick Reference · 확정 일정 · 실행표,1,0,0,
Luberon,1. 한눈에 보는 실행 요약,2,207,0,
Luberon,일정의 핵심 논리,3,52,0,
Luberon,2. 시각요소 자리표시자,2,0,0,
Luberon,시각자료 설계 — 뤼베롱 3박 전체 권역 지도,3,17,0,
Luberon,시각자료 설계 — 숙소 생활권 비교 지도,3,15,0,
Luberon,시각자료 설계 — 9/14 오커마을·생활마을 동선,3,17,0,
Luberon,시각자료 설계 — 9/15 Gordes·Bories·Sénanque 동선,3,18,0,
Luberon,시각자료 설계 — 농가 주변 생활권 지도,3,18,0,
Luberon,3. 날짜별 확정 일정 요약,2,94,0,
Luberon,4. Day 1 — 9월 13일 일요일,2,0,0,
Luberon,엑상 → Lourmarin 여행스케치 행사 → Coustellet 생산자시장 → 농가,3,0,0,
Luberon,사진 에셋 브리프 — Lourmarin 성과 플라타너스 아래 마을 풍경,3,11,0,
Luberon,사진 에셋 브리프 — Salon du Carnet de Voyage의 스케치북 전시,3,236,1,Pending: {{badge:pending|2026-08 확인 · 출발 전 재확인}}
Luberon,오늘 꼭 해볼 것,3,34,0,
Luberon,선택 대안,3,36,0,
Luberon,5. Day 2 — 9월 14일 월요일,2,0,0,
Luberon,Roussillon의 오커와 Goult의 조용한 생활감,3,0,0,
Luberon,사진 에셋 브리프 — Roussillon의 붉은 오커 절벽과 마을,3,10,0,
Luberon,사진 에셋 브리프 — Goult 풍차와 석조 골목,3,163,0,
Luberon,Sentier des Ocres를 보는 법,3,20,0,
Luberon,오늘 꼭 해볼 것,3,33,0,
Luberon,Bonnieux 대체안,3,44,0,
Luberon,우천 대체,3,22,0,
Luberon,6. Day 3 — 9월 15일 화요일,2,0,0,
Luberon,"Gordes, Bories와 선택 능선마을",3,0,0,
Luberon,사진 에셋 브리프 — Gordes 전망대에서 본 계단식 석조마을,3,13,0,
Luberon,사진 에셋 브리프 — Gordes 화요일 시장,3,10,0,
Luberon,사진 에셋 브리프 — Village des Bories의 마른돌 오두막,3,180,0,
Luberon,Gordes 주차 실무,3,36,1,Pending: {{badge:pending|공식 확인}}
Luberon,오늘 꼭 해볼 것,3,37,0,
Luberon,Sénanque 내부관람 판단,3,33,1,Pending: {{badge:pending|공식 확인}}
Luberon,삭제 우선순위,3,13,0,
Luberon,7. Day 4 — 9월 16일 수요일,2,0,0,
Luberon,"농가 체크아웃, 아비뇽 이동과 정착",3,0,0,
Luberon,사진 에셋 브리프 — 농가 테라스의 아침식사와 포도밭,3,11,0,
Luberon,사진 에셋 브리프 — Ménerbes 능선형 석조마을,3,12,0,
Luberon,사진 에셋 브리프 — Oppède-le-Vieux의 폐허와 언덕길,3,148,0,
Luberon,선택 대안 — 삭제된 농가 전일에서 보존,3,21,0,
Luberon,A안 — Ménerbes: 가장 균형 좋은 선택,3,50,0,
Luberon,B안 — Oppède-le-Vieux: 더 드라마틱한 대안,3,56,0,
Luberon,2026 특별 선택 — Roussillon 오커 페인팅 워크숍,3,30,1,Pending: {{badge:pending|공식 확인}}
Luberon,와인체험 선택,3,43,0,
Luberon,8. 선택 대안 — L’Isle-sur-la-Sorgue,2,0,0,
Luberon,목요시장 정보는 보존하되 새 기본 일정에서는 제외,3,0,0,
Luberon,사진 에셋 브리프 — L’Isle-sur-la-Sorgue 수로와 물레방아,3,12,0,
Luberon,사진 에셋 브리프 — 목요시장과 지역 식재료,3,129,0,
Luberon,오늘 꼭 해볼 것,3,37,0,
Luberon,주차 주의,3,20,0,
Luberon,9. 피로도·활동량·삭제 우선순위,2,103,0,
Luberon,10. 문전 이동과 현실적 소요시간,2,162,0,
Luberon,11. 예약 우선순위,2,147,1,Pending: {{badge:pending|공식 확인}}
Luberon,Layer 2. 지역 이해 · 숙소권 · 추천등급 · 마을 설명,1,0,0,
Luberon,12. 뤼베롱을 이해하는 다섯 가지 열쇠,2,0,0,
Luberon,12.1 하나의 마을이 아니라 산과 평야가 만든 생활권이다,3,45,0,
Luberon,12.2 돌의 색이 마을의 성격을 바꾼다,3,25,0,
Luberon,12.3 시장이 여행의 실제 시간을 결정한다,3,24,0,
Luberon,12.4 9월은 라벤더보다 포도·무화과·빛의 계절이다,3,18,0,
Luberon,12.5 자동차를 쓰되 하루 종일 운전하지 않는다,3,15,0,
Luberon,13. 숙소 권역 비교,2,122,0,
Luberon,최종 숙소권 권고,3,22,0,
Luberon,14. 추천등급 요약,2,188,0,
Luberon,15. 주요 마을·방문지 상세 소개,2,0,0,
Luberon,15.1 Lourmarin — 남뤼베롱의 열린 마을,3,0,0,
Luberon,사진 에셋 브리프 — Lourmarin 카페광장과 밝은 석조주택,3,60,0,
Luberon,15.2 Roussillon — 마을 전체가 오커색인 곳,3,0,0,
Luberon,사진 에셋 브리프 — 붉은 벽과 파란 셔터가 대비되는 Roussillon 골목,3,52,0,
Luberon,15.3 Goult — 과소평가된 생활마을,3,0,0,
Luberon,사진 에셋 브리프 — Goult 풍차와 완만한 골목,3,50,0,
Luberon,15.4 Gordes — 풍경으로 먼저 보는 상징마을,3,0,0,
Luberon,사진 에셋 브리프 — 도로 전망점에서 본 Gordes 전경,3,58,0,
Luberon,15.5 Village des Bories — 마른돌 건축의 농업마을,3,0,0,
Luberon,사진 에셋 브리프 — 돌을 겹겹이 쌓은 원추형 borie 내부와 외부,3,47,0,
Luberon,15.6 Sénanque — 라벤더보다 수도원과 계곡,3,0,0,
Luberon,사진 에셋 브리프 — 라벤더 수확 후의 Sénanque 수도원과 계곡,3,60,0,
Luberon,15.7 Ménerbes — 포도밭 위의 능선마을,3,0,0,
Luberon,사진 에셋 브리프 — Ménerbes 능선과 포도밭,3,55,0,
Luberon,15.8 Oppède-le-Vieux — 폐허와 오르막이 주는 긴장감,3,0,0,
Luberon,사진 에셋 브리프 — Oppède-le-Vieux 폐허와 교회로 오르는 돌길,3,37,0,
Luberon,15.9 L’Isle-sur-la-Sorgue — 돌마을과 전혀 다른 수로도시,3,0,0,
Luberon,사진 에셋 브리프 — 수로 위 카페와 오래된 물레,3,41,0,
Luberon,Layer 3. 숙소 · 음식 · 시장 · 체험 · 운동 · 예약 · 대체안,1,0,0,
Luberon,16. 농가 숙소 선정 전략,2,0,0,
Luberon,16.1 필수 평가표,3,113,0,
Luberon,16.2 실제 숙소 후보 비교,3,248,0,
Luberon,16.3 추가 후보 — 현지 결정용 (2026-08-15 조사),3,201,0,
Luberon,16.4 우선협상 순서,3,54,0,
Luberon,16.5 제외 또는 주의 후보,3,43,0,
Luberon,16.6 숙소에 보낼 필수 문의문,3,108,0,
Luberon,17. 시장·슈퍼·빵·치즈·제철 식재료,2,0,0,
Luberon,17.1 시장 실행표,3,70,0,
Luberon,17.2 첫날 장보기 목록,3,99,0,
Luberon,17.3 슈퍼·생활거점,3,47,0,
Luberon,먹거리 — 시장에서 사서 농가에서 먹는다,1,0,0,
Luberon,이 구간이 다른 이유 — 사 먹는 곳이 아니라 해 먹는 곳이다,2,28,0,
Luberon,9월 장보기 — 무엇을 사는가,2,89,0,
Luberon,세 시장의 성격이 다르다,2,61,0,
Luberon,먹어야 할 것,2,74,1,Pending: {{badge:pending|교차 확인 권장}}
Luberon,와인 — 마시는 사람을 정한다,2,76,0,
Luberon,식사 배치,2,92,0,
Luberon,18. 음식·레스토랑·카페,2,0,0,
Luberon,사진 에셋 브리프 — 뤼베롱 시장식재료로 만든 농가 테라스 점심,3,13,0,
Luberon,18.1 식사 운영 원칙,3,32,0,
Luberon,18.2 실제 식당 후보,3,202,0,
Luberon,18.2b 추가 후보 (2026-08-15 조사),3,186,1,Pending: {{badge:pending|재확인}}
Luberon,18.3 추천 배치,3,44,0,
Luberon,18.4 꼭 먹어볼 것,3,109,0,
Luberon,19. 뤼베롱에서 꼭 체험할 것,2,0,0,
Luberon,19.1 시장에서 산 재료로 한 끼 완성,3,17,0,
Luberon,19.2 pétanque 한 게임,3,15,0,
Luberon,19.3 포도밭·올리브밭 가장자리 산책,3,14,0,
Luberon,19.4 오커색을 실제 그림재료로 이해,3,14,0,
Luberon,19.5 서로 다른 휴식활동을 동시에 배치,3,19,0,
Luberon,19.6 와인 시음은 ‘한 명만’ 또는 무알코올 방식,3,16,0,
Luberon,20. Jason 운동·스케치 / Julia 선택 휴식·수영,2,0,0,
Luberon,20.1 Jason 러닝·산책,3,40,0,
Luberon,20.2 Jason 스케치,3,59,0,
Luberon,20.3 Julia 선택 휴식·수영,3,60,0,
Luberon,21. 2026 행사·특별 경험,2,73,1,Pending: {{badge:pending|공식 확인}}
Luberon,행사 운영 원칙,3,26,0,
Luberon,교통 — 이 구간의 이동 구조,1,0,0,
Luberon,이 구간의 성격 — 차가 필수이고 길이 좁다,2,26,0,
Luberon,차량 크기 — 이 구간의 실질 제약,2,71,0,
Luberon,주차 — 마을별,2,79,0,
Luberon,야간 운전,2,45,1,Pending: {{badge:pending|정확한 시각 확인}}
Luberon,주유,2,31,0,
Luberon,프랑스 도로 — 요약,2,72,0,
Luberon,화재·기상,2,32,0,
Luberon,22. 자동차·주차·안전,2,0,0,
Luberon,22.1 차량 크기,3,22,0,
Luberon,22.2 야간 운전,3,25,0,
Luberon,22.3 주유,3,14,0,
Luberon,22.4 보행 안전,3,18,0,
Luberon,22.5 화재·기상,3,21,0,
Luberon,23. 우천·지연·피로 대체안,2,0,0,
Luberon,23.1 비가 하루 종일 올 때,3,15,0,
Luberon,23.2 폭염일,3,15,0,
Luberon,23.3 농가 시설이 설명과 다를 때,3,32,0,
Luberon,23.4 체크인 지연,3,16,0,
Luberon,23.5 화요일 Gordes 혼잡,3,21,0,
Luberon,23.6 피로 누적,3,17,0,
Luberon,경비 — 예산 설계,1,7,0,
Luberon,3박 4일 구조 (2인),2,84,0,
Luberon,입장료 — 확인된 값,2,79,5,Pending: {{badge:pending|재확인}}; Pending: {{badge:pending|재확인}}; Pending: {{badge:pending|재확인}}; Pending: {{badge:pending|재확인}}; Pending: {{badge:pending|재확인}}
Luberon,절감과 증가 요인,2,92,0,
Luberon,예약이 필요한 것,2,53,0,
Luberon,24. 예약카드,2,0,0,
Luberon,숙소 카드,3,19,0,
Luberon,시장 카드,3,17,0,
Luberon,9/15 Gordes 카드,3,28,1,Pending: {{badge:pending|공식 확인}}
Luberon,와인 시음 카드,3,10,0,
Luberon,25. 출발 전 최종 확인목록,2,0,0,
Luberon,숙소,3,40,0,
Luberon,일정,3,42,0,
Luberon,생활,3,52,0,
Luberon,편집자 큐레이션 — 뤼베롱을 ‘마을 목록’이 아니라 하나의 풍경으로 경험하기,2,0,0,
Luberon,핵심 관람법,3,104,0,
Luberon,방문지 소개 보강,3,0,0,
Luberon,Roussillon — 마을보다 먼저 땅의 색을 본다,4,48,0,
Luberon,Gordes — 전망대에서 이미 절반을 본 셈이다,4,23,0,
Luberon,Village des Bories — ‘옛날집’이 아니라 건조한 땅의 생존기술,4,17,0,
Luberon,Ménerbes — Peter Mayle의 이미지보다 실제 능선마을,4,22,0,
Luberon,L’Isle-sur-la-Sorgue {{grade:alternative|대체}},4,117,1,Pending: {{badge:pending|일정 공식 확인}}
Luberon,꼭 체험할 것 보강,3,57,0,
Luberon,식당 소개 보강,3,0,0,
Luberon,Goût Bistrot — 뤼베롱의 시장재료를 이해하기 쉬운 코스로,4,15,0,
Luberon,JU – Maison de Cuisine — 목적지형 식당이므로 일정 전체를 비운다,4,26,0,
Luberon,La Table des Ocres — Roussillon 관람을 끊지 않는 실용적 점심,4,16,0,
Luberon,Maison de la Truffe et du Vin — 식당보다 지역상품을 이해하는 정원형 와인바,4,16,0,
Luberon,농가 테라스 저녁 — 이 구간의 대표 ‘레스토랑’,4,19,0,
Luberon,숙소 선택의 편집자 결론,3,33,0,
Luberon,현장 선택 규칙,3,45,0,
Luberon,대안 루트 — 이번 일정에서 배제한 경로,1,15,0,
Luberon,우선순위,2,97,0,
Luberon,Fontaine-de-Vaucluse {{badge:rest|1순위}},2,49,1,Pending: {{badge:pending|주차·수량·접근 확인 필요 — 갈수기에는 샘이 마른다고 알려져 있으나 미검증}}
Luberon,Bonnieux,2,30,0,
Luberon,Lacoste,2,42,1,Pending: {{badge:pending|접근 가능 여부 확인 필요}}
Luberon,Apt,2,40,0,
Luberon,오커 페인팅 워크숍 — 루시용,2,30,1,Pending: {{badge:pending|운영 주체·예약·소요·요금 확인 필요}}
Luberon,Mines de Bruoux,2,37,1,Pending: {{badge:pending|운영·예약·요금·기온 확인 필요 — 갱도 내부는 서늘하다고 알려져 있으나 미검증}}
Luberon,넣지 말아야 할 것,2,49,0,
Luberon,26. 공식자료·검증 출처,2,0,0,
Luberon,지역·시장·마을,3,46,0,
Luberon,숙소,3,31,0,
Luberon,음식·와인,3,49,0,
Luberon,Pass B. 일자별 실행성 감사,1,0,0,
Luberon,9/13 Lourmarin → Coustellet → 농가 체크인,2,26,0,
Luberon,9/14 Roussillon + Goult 또는 Bonnieux,2,35,0,
Luberon,9/15 Gordes + Bories + Sénanque 선택,2,40,0,
Luberon,9/16 농가 체크아웃 → Avignon,2,29,0,
Luberon,9/17 L’Isle-sur-la-Sorgue 선택안,2,23,0,
Luberon,숙소 평가 최종 기준,2,30,0,
Luberon,검증 상태 — 보강본 근거,1,877,6,Pending: {{badge:pending|2026-08 확인 · 출발 전 재확인}}; Pending: {{badge:pending|2026-08 확인 · 출발 전 재확인}}; Pending: {{badge:pending|2026-08 확인 · 출발 전 재확인}}; Pending: {{badge:pending|2026-08 확인 · 출발 전 재확인}}; Pending: {{badge:pending|2026-08 확인 · 출발 전 재확인}} ...
Avignon·Alpilles·Pont du Gard,Preamble,0,14,0,
Avignon·Alpilles·Pont du Gard,Commercial Guide Module,1,22,0,
Avignon·Alpilles·Pont du Gard,Editor’s Verdict,2,47,0,
Avignon·Alpilles·Pont du Gard,놓치면 아쉬운 선택,2,90,0,
Avignon·Alpilles·Pont du Gard,하루를 완성하는 네 가지 선택,2,69,0,
Avignon·Alpilles·Pont du Gard,이 지역의 Top 10,2,33,0,
Avignon·Alpilles·Pont du Gard,현장 메모,2,87,0,
Avignon·Alpilles·Pont du Gard,09. 아비뇽·아를·위제스·퐁뒤가르 4박 5일,1,0,0,
Avignon·Alpilles·Pont du Gard,"교황도시, 로마 수도교와 아를의 실제 도시생활",2,129,0,
Avignon·Alpilles·Pont du Gard,Phase 10 공식정보 원칙,2,22,0,
Avignon·Alpilles·Pont du Gard,Regional Context & Scheduled Place Dossiers,1,0,0,
Avignon·Alpilles·Pont du Gard,이 4박이 여행 전체에서 하는 일,2,51,0,
Avignon·Alpilles·Pont du Gard,이 지역을 이해하는 축,2,0,0,
Avignon·Alpilles·Pont du Gard,아비뇽은 예쁜 중세도시가 아니라 정치권력의 도시다,3,46,0,
Avignon·Alpilles·Pont du Gard,론 강과 다리가 흥망을 결정했다,3,30,0,
Avignon·Alpilles·Pont du Gard,성벽 안은 관광지이면서 생활도시다,3,15,0,
Avignon·Alpilles·Pont du Gard,Uzès와 Pont du Gard는 '로마유적 하루'가 아니다,3,30,0,
Avignon·Alpilles·Pont du Gard,Alpilles 선택 대안은 산지와 마을의 관계로 읽는다,3,31,0,
Avignon·Alpilles·Pont du Gard,9월 19–20일은 유럽 문화유산의 날이다,2,48,0,
Avignon·Alpilles·Pont du Gard,무엇을 뜻하는가,3,109,0,
Avignon·Alpilles·Pont du Gard,일정에 포함된 장소별 상세 가이드,2,22,0,
Avignon·Alpilles·Pont du Gard,Day 20 — 아비뇽 핵심,3,0,0,
Avignon·Alpilles·Pont du Gard,Les Halles {{grade:essential|필수}},3,182,1,Pending: {{badge:pending|운영 요일·시간 확인 필요 — 월요일 휴장 가능성}}
Avignon·Alpilles·Pont du Gard,Palais des Papes {{grade:essential|필수}},3,0,0,
Avignon·Alpilles·Pont du Gard,무엇인가 — 교황이 로마를 떠나 있던 68년,4,68,0,
Avignon·Alpilles·Pont du Gard,핵심 — 도시가 여섯 배로 커졌다,4,111,1,Pending: {{badge:pending|교차 확인 권장}}
Avignon·Alpilles·Pont du Gard,실내가 비어 있다는 것,4,71,0,
Avignon·Alpilles·Pont du Gard,실용,4,55,2,Pending: {{badge:pending|재확인}}; Pending: {{badge:pending|현행 여부 확인}}
Avignon·Alpilles·Pont du Gard,Rocher des Doms · Pont Saint-Bénézet {{grade:essential|필수}},3,14,0,
Avignon·Alpilles·Pont du Gard,Rocher des Doms,4,30,0,
Avignon·Alpilles·Pont du Gard,Pont Saint-Bénézet — 끊어진 것이 본질이다,4,37,0,
Avignon·Alpilles·Pont du Gard,왜 끊겼는가 — 전설과 실제,4,104,0,
Avignon·Alpilles·Pont du Gard,노래에 대하여,4,37,0,
Avignon·Alpilles·Pont du Gard,Day 21 — Uzès와 Pont du Gard,3,8,0,
Avignon·Alpilles·Pont du Gard,Uzès Place aux Herbes·구시가지 {{grade:essential|필수}},3,28,0,
Avignon·Alpilles·Pont du Gard,무엇인가 — 공작령 도시,4,35,0,
Avignon·Alpilles·Pont du Gard,Place aux Herbes,4,29,0,
Avignon·Alpilles·Pont du Gard,왜 우제스인가,4,68,0,
Avignon·Alpilles·Pont du Gard,실용,4,41,0,
Avignon·Alpilles·Pont du Gard,Pont du Gard {{grade:essential|필수}},3,9,0,
Avignon·Alpilles·Pont du Gard,무엇인가 — 다리가 아니라 수도교의 한 조각,4,37,0,
Avignon·Alpilles·Pont du Gard,핵심 — 숫자보다 비례를 보라,4,167,0,
Avignon·Alpilles·Pont du Gard,왜 살아남았는가,4,41,0,
Avignon·Alpilles·Pont du Gard,실용,4,67,2,Pending: {{badge:pending|재확인}}; Pending: {{badge:pending|2026 운영 확인}}
Avignon·Alpilles·Pont du Gard,Day 22 — Arles 당일치기,3,0,0,
Avignon·Alpilles·Pont du Gard,Arles {{grade:essential|필수}},3,198,0,
Avignon·Alpilles·Pont du Gard,Arènes d’Arles {{grade:essential|필수}},3,179,0,
Avignon·Alpilles·Pont du Gard,Théâtre antique {{grade:essential|필수}},3,172,1,Pending: {{badge:pending|요금 확인}}
Avignon·Alpilles·Pont du Gard,Place du Forum {{grade:priority|우선추천}},3,134,0,
Avignon·Alpilles·Pont du Gard,Cloître Saint-Trophime {{grade:priority|우선추천}},3,125,1,Pending: {{badge:pending|요금 확인}}
Avignon·Alpilles·Pont du Gard,Fondation Vincent van Gogh Arles {{grade:optional|선택}},3,83,0,
Avignon·Alpilles·Pont du Gard,La Roquette {{grade:priority|우선추천}},3,112,0,
Avignon·Alpilles·Pont du Gard,기본 동선·교통,4,88,0,
Avignon·Alpilles·Pont du Gard,식사·우천·혼잡 축소안,4,87,1,Pending: {{badge:pending|영업일 확인}}
Avignon·Alpilles·Pont du Gard,선택 대안 — Alpilles,3,16,0,
Avignon·Alpilles·Pont du Gard,Les Baux-de-Provence {{grade:alternative|대체}},3,81,1,Pending: {{badge:pending|조사 필요}}
Avignon·Alpilles·Pont du Gard,Carrières des Lumières {{grade:priority|우선추천}},3,0,0,
Avignon·Alpilles·Pont du Gard,2026년 프로그램이 확인됐다,4,78,0,
Avignon·Alpilles·Pont du Gard,무엇인가,4,40,0,
Avignon·Alpilles·Pont du Gard,실용,4,83,2,Pending: {{badge:pending|출발 전 재확인}}; Pending: {{badge:pending|확인 권장}}
Avignon·Alpilles·Pont du Gard,Saint-Rémy-de-Provence {{grade:alternative|대체}},3,84,0,
Avignon·Alpilles·Pont du Gard,Saint-Paul-de-Mausole {{grade:essential|필수}},3,0,0,
Avignon·Alpilles·Pont du Gard,무엇인가 — 수도원이 병원이 된 곳,4,54,0,
Avignon·Alpilles·Pont du Gard,반 고흐가 여기 있었다,4,97,1,Pending: {{badge:pending|확인 권장}}
Avignon·Alpilles·Pont du Gard,무엇을 보는가,4,110,0,
Avignon·Alpilles·Pont du Gard,실용,4,34,2,Pending: {{badge:pending|재확인}}; Pending: {{badge:pending|재확인}}
Avignon·Alpilles·Pont du Gard,Glanum {{grade:alternative|대체}},3,83,2,Pending: {{badge:pending|확인 권장}}; Pending: {{badge:pending|운영·요금 확인 필요}}
Avignon·Alpilles·Pont du Gard,Day 23 — 리옹으로,3,0,0,
Avignon·Alpilles·Pont du Gard,Avignon TGV 렌터카 반납 {{badge:p0|P0 연결}},3,101,1,Pending: {{badge:pending|소요·운행 확인}}
Avignon·Alpilles·Pont du Gard,실행지도 · 현장 사용,2,49,0,
Avignon·Alpilles·Pont du Gard,Layer 1. Quick Reference · 확정 일정 · 실행표,1,0,0,
Avignon·Alpilles·Pont du Gard,1. 한눈에 보는 실행 요약,2,230,0,
Avignon·Alpilles·Pont du Gard,일정의 핵심 논리,3,57,0,
Avignon·Alpilles·Pont du Gard,2. 시각요소 자리표시자,2,0,0,
Avignon·Alpilles·Pont du Gard,시각자료 설계 — 아비뇽 4박 전체 지역 동선 지도,3,18,0,
Avignon·Alpilles·Pont du Gard,시각자료 설계 — 아비뇽 성벽도시 도보 핵심 지도,3,23,0,
Avignon·Alpilles·Pont du Gard,시각자료 설계 — 숙소 생활권·주차·TGV 연결 지도,3,14,0,
Avignon·Alpilles·Pont du Gard,시각자료 설계 — Uzès–Pont du Gard 토요일 동선 지도,3,17,0,
Avignon·Alpilles·Pont du Gard,시각자료 설계 — Arles 토요일 실행지도,3,13,0,
Avignon·Alpilles·Pont du Gard,{{VISUAL:VIS-FIGURE-007|type=diagram|status=editorial-ready|strategy=generated-diagram}} 아비뇽의 도시구조와 교황청 시대 도식,3,10,0,
Avignon·Alpilles·Pont du Gard,3. 날짜별 확정 일정,2,79,0,
Avignon·Alpilles·Pont du Gard,4. Day 1 — 9월 16일 수요일,2,0,0,
Avignon·Alpilles·Pont du Gard,"Luberon 체크아웃, Avignon 체크인과 첫 저녁",3,0,0,
Avignon·Alpilles·Pont du Gard,사진 에셋 브리프 — L’Isle-sur-la-Sorgue 수로와 목요시장,3,10,0,
Avignon·Alpilles·Pont du Gard,사진 에셋 브리프 — 아비뇽 성벽의 늦은 오후,3,183,0,
Avignon·Alpilles·Pont du Gard,꼭 해볼 것,3,29,0,
Avignon·Alpilles·Pont du Gard,지연 시 삭제 순서,3,15,0,
Avignon·Alpilles·Pont du Gard,5. Day 2 — 9월 17일 목요일,2,0,0,
Avignon·Alpilles·Pont du Gard,"Les Halles, 교황궁, 론강과 성벽도시",3,0,0,
Avignon·Alpilles·Pont du Gard,사진 에셋 브리프 — Les Halles의 녹색 외벽과 시장 내부,3,10,0,
Avignon·Alpilles·Pont du Gard,사진 에셋 브리프 — Place du Palais와 Palais des Papes 전경,3,12,0,
Avignon·Alpilles·Pont du Gard,사진 에셋 브리프 — Pont Saint-Bénézet와 Rhône 강,3,215,1,Pending: {{badge:pending|영업일 확인}}
Avignon·Alpilles·Pont du Gard,Palais des Papes 실용정보,3,64,0,
Avignon·Alpilles·Pont du Gard,오늘의 필수·선택,3,31,0,
Avignon·Alpilles·Pont du Gard,꼭 해볼 것,3,41,0,
Avignon·Alpilles·Pont du Gard,6. Day 3 — 9월 18일 금요일,2,0,0,
Avignon·Alpilles·Pont du Gard,Uzès 구시가지와 Pont du Gard — 생활도시와 로마공학,3,0,0,
Avignon·Alpilles·Pont du Gard,사진 에셋 브리프 — Uzès Place aux Herbes 토요시장,3,10,0,
Avignon·Alpilles·Pont du Gard,사진 에셋 브리프 — Uzès 구시가지와 Tour Fenestrelle,3,11,0,
Avignon·Alpilles·Pont du Gard,사진 에셋 브리프 — Pont du Gard 전경,3,204,1,Pending: {{badge:pending|영업일 확인}}
Avignon·Alpilles·Pont du Gard,Uzès를 추천하는 이유,3,31,0,
Avignon·Alpilles·Pont du Gard,Uzès에서 꼭 해볼 것,3,40,0,
Avignon·Alpilles·Pont du Gard,Pont du Gard 실용정보,3,48,0,
Avignon·Alpilles·Pont du Gard,선택모듈,3,35,0,
Avignon·Alpilles·Pont du Gard,7. Day 4 — 9월 19일 토요일,2,0,0,
Avignon·Alpilles·Pont du Gard,Arles — 로마유적·중세·반 고흐·생활도시,3,17,0,
Avignon·Alpilles·Pont du Gard,오늘 실행표,3,164,0,
Avignon·Alpilles·Pont du Gard,선택 대안 — Les Baux·Saint-Rémy·Glanum,3,37,0,
Avignon·Alpilles·Pont du Gard,8. Day 5 — 9월 20일 일요일,2,0,0,
Avignon·Alpilles·Pont du Gard,"체크아웃, Avignon TGV 차량반납, Lyon 이동",3,0,0,
Avignon·Alpilles·Pont du Gard,사진 에셋 브리프 — Avignon TGV역의 유리 지붕과 출발장,3,122,1,Pending: {{badge:pending|출발 전 재확인}}
Avignon·Alpilles·Pont du Gard,열차 선택 원칙,3,41,0,
Avignon·Alpilles·Pont du Gard,9. 피로도·삭제 우선순위,2,72,0,
Avignon·Alpilles·Pont du Gard,Layer 2. 지역 이해 · 동네 · 추천등급 · 방문지 설명,1,0,0,
Avignon·Alpilles·Pont du Gard,10. 아비뇽과 서부 프로방스를 이해하는 다섯 가지 열쇠,2,0,0,
Avignon·Alpilles·Pont du Gard,10.1 아비뇽은 “예쁜 중세도시”보다 정치권력의 도시다,3,20,0,
Avignon·Alpilles·Pont du Gard,10.2 Rhône 강과 다리가 도시의 흥망을 결정했다,3,25,0,
Avignon·Alpilles·Pont du Gard,10.3 성벽 안은 하나의 관광지이면서 실제 생활도시다,3,22,0,
Avignon·Alpilles·Pont du Gard,10.4 Uzès와 Pont du Gard는 ‘로마유적 하루’가 아니다,3,18,0,
Avignon·Alpilles·Pont du Gard,10.5 Arles는 로마·중세·반 고흐와 실제 도시생활이 한 동선에 겹친다,3,36,0,
Avignon·Alpilles·Pont du Gard,11. 동네·숙소 생활권 비교,2,140,0,
Avignon·Alpilles·Pont du Gard,최종 권고,3,31,0,
Avignon·Alpilles·Pont du Gard,12. 추천등급,2,213,0,
Avignon·Alpilles·Pont du Gard,13. 주요 방문지 상세 소개,2,0,0,
Avignon·Alpilles·Pont du Gard,13.1 Les Halles — 관광 전 아비뇽의 생활부터 보기,3,0,0,
Avignon·Alpilles·Pont du Gard,사진 에셋 브리프 — Halles 내부의 치즈·올리브·샤퀴테리,3,59,0,
Avignon·Alpilles·Pont du Gard,13.2 Palais des Papes — 권력건축을 걷는 경험,3,0,0,
Avignon·Alpilles·Pont du Gard,사진 에셋 브리프 — Palais 안뜰과 거대한 석벽,3,58,0,
Avignon·Alpilles·Pont du Gard,13.3 Rocher des Doms·Pont Saint-Bénézet — 지형을 이해하는 한 세트,3,0,0,
Avignon·Alpilles·Pont du Gard,사진 에셋 브리프 — Rocher des Doms에서 본 Rhône와 Villeneuve,3,43,0,
Avignon·Alpilles·Pont du Gard,13.4 Uzès — 시장과 귀족도시의 균형,3,0,0,
Avignon·Alpilles·Pont du Gard,사진 에셋 브리프 — Place aux Herbes의 아케이드와 카페,3,60,0,
Avignon·Alpilles·Pont du Gard,13.5 Pont du Gard — 숫자보다 비례를 보는 유적,3,53,0,
Avignon·Alpilles·Pont du Gard,13.6 Les Baux — 절벽이 도시가 된 장소,3,52,0,
Avignon·Alpilles·Pont du Gard,13.7 Saint-Rémy — 유명인보다 생활도시로 보기,3,48,0,
Avignon·Alpilles·Pont du Gard,Layer 3. 숙소 · 음식 · 시장 · 운동 · 이벤트 · 예약 · 대체안,1,0,0,
Avignon·Alpilles·Pont du Gard,14. 숙소 전략과 실제 후보,2,0,0,
Avignon·Alpilles·Pont du Gard,14.1 숙소 평가 기준,3,50,0,
Avignon·Alpilles·Pont du Gard,14.2 실제 숙소 후보,3,205,0,
Avignon·Alpilles·Pont du Gard,14.2b 추가 후보 — 동쪽 Carmes–Teinturiers 생활권 (2026-08-15 조사),3,206,0,
Avignon·Alpilles·Pont du Gard,14.3 최종 선택순서,3,53,0,
Avignon·Alpilles·Pont du Gard,14.4 계획예산,3,45,0,
Avignon·Alpilles·Pont du Gard,먹거리 — 이 구간은 사서 먹는다,1,0,0,
Avignon·Alpilles·Pont du Gard,이 구간의 성격 — 다시 사 먹는 구간이다,2,26,0,
Avignon·Alpilles·Pont du Gard,아비뇽·가르 지역에서 먹어야 할 것,2,143,2,Pending: {{badge:pending|교차 확인 권장}}; Pending: {{badge:pending|확인 권장}}
Avignon·Alpilles·Pont du Gard,와인 — 이 구간이 이 여행의 와인 중심지다,2,201,2,Pending: {{badge:pending|정확한 거리 확인}}; Pending: {{badge:pending|재확인}}
Avignon·Alpilles·Pont du Gard,날짜별 배치,2,97,0,
Avignon·Alpilles·Pont du Gard,15. 레스토랑·카페·주문 가이드,2,0,0,
Avignon·Alpilles·Pont du Gard,사진 에셋 브리프 — Avignon의 프로방스 저녁식사,3,9,0,
Avignon·Alpilles·Pont du Gard,15.1 Avignon 저녁식당,3,136,0,
Avignon·Alpilles·Pont du Gard,15.1b 추가 후보 (2026-08-15 조사),3,152,1,Pending: {{badge:pending|재확인}}
Avignon·Alpilles·Pont du Gard,15.2 당일치기 점심전략,3,91,0,
Avignon·Alpilles·Pont du Gard,15.2b 당일치기 지역 추가 후보 (2026-08-15 조사),3,172,2,Pending: {{badge:pending|재확인}}; Pending: {{badge:pending|연락처 확인}}
Avignon·Alpilles·Pont du Gard,15.3 꼭 먹어볼 것,3,55,0,
Avignon·Alpilles·Pont du Gard,16. 시장·슈퍼·제철 식재료,2,0,0,
Avignon·Alpilles·Pont du Gard,16.1 시장,3,73,0,
Avignon·Alpilles·Pont du Gard,16.2 살 것,3,31,0,
Avignon·Alpilles·Pont du Gard,16.3 슈퍼전략,3,27,0,
Avignon·Alpilles·Pont du Gard,17. 운동·Julia 선택 수영,2,0,0,
Avignon·Alpilles·Pont du Gard,17.1 Jason 러닝,3,53,0,
Avignon·Alpilles·Pont du Gard,17.2 Julia 수영 선택,3,39,0,
Avignon·Alpilles·Pont du Gard,18. 2026 행사·특별운영,2,0,0,
Avignon·Alpilles·Pont du Gard,18.1 Avignon Musées Nocturne — 9월 17일 선택,3,36,0,
Avignon·Alpilles·Pont du Gard,18.2 Journées européennes du patrimoine — 9월 19–20일,3,37,0,
Avignon·Alpilles·Pont du Gard,18.3 Pont du Gard 조명,3,29,0,
Avignon·Alpilles·Pont du Gard,18.4 Carrières des Lumières 2026,3,33,0,
Avignon·Alpilles·Pont du Gard,교통 — 이 구간의 이동 구조,1,0,0,
Avignon·Alpilles·Pont du Gard,이 구간의 성격 — 차를 쓰다가 놓는다,2,58,1,Internal Term: P0 연결
Avignon·Alpilles·Pont du Gard,아비뇽 주차 — 성벽 안에 넣지 마라,2,60,1,Pending: {{badge:pending|공영주차 명칭·요금 확인 필요}}
Avignon·Alpilles·Pont du Gard,Day 21·22 주차,2,82,4,Pending: {{badge:pending|요금·위치 확인}}; Pending: {{badge:pending|확인}}; Pending: {{badge:pending|9/19 JEP 통제 재확인}}; Pending: {{badge:pending|주차장 확인}}
Avignon·Alpilles·Pont du Gard,Day 23 — 렌터카 반납과 TGV {{badge:p0|P0 연결}},2,6,0,
Avignon·Alpilles·Pont du Gard,역이 둘이다,3,50,1,Pending: {{badge:pending|소요·운행 간격 확인 필요}}
Avignon·Alpilles·Pont du Gard,반납 절차,3,78,0,
Avignon·Alpilles·Pont du Gard,열차,3,37,1,Pending: {{badge:pending|소요·편수 확인}}
Avignon·Alpilles·Pont du Gard,19. 교통·주차·차량안전,2,0,0,
Avignon·Alpilles·Pont du Gard,19.1 Avignon 주차 기본,3,49,0,
Avignon·Alpilles·Pont du Gard,19.2 차량 내 짐,3,36,0,
Avignon·Alpilles·Pont du Gard,19.3 Uzès·Pont·Arles 주차,3,37,0,
Avignon·Alpilles·Pont du Gard,19.4 Avignon TGV 반납,3,25,0,
Avignon·Alpilles·Pont du Gard,20. 우천·미스트랄·지연·피로 대체안,2,0,0,
Avignon·Alpilles·Pont du Gard,20.1 9/17 도착일,3,12,0,
Avignon·Alpilles·Pont du Gard,20.2 9/18 Avignon 핵심일,3,26,0,
Avignon·Alpilles·Pont du Gard,20.3 9/19 Uzès·Pont,3,23,0,
Avignon·Alpilles·Pont du Gard,20.4 9/20 Alpilles,3,29,0,
Avignon·Alpilles·Pont du Gard,20.5 9/21 이동일,3,18,0,
Avignon·Alpilles·Pont du Gard,경비 — 예산 설계,1,7,0,
Avignon·Alpilles·Pont du Gard,4박 5일 구조 (2인),2,79,0,
Avignon·Alpilles·Pont du Gard,입장료 — 확인된 값,2,118,6,Pending: {{badge:pending|재확인}}; Pending: {{badge:pending|재확인}}; Pending: {{badge:pending|재확인}}; Pending: {{badge:pending|재확인}}; Pending: {{badge:pending|재확인}} ...
Avignon·Alpilles·Pont du Gard,절감 여지,2,59,0,
Avignon·Alpilles·Pont du Gard,예약 우선순위,2,65,0,
Avignon·Alpilles·Pont du Gard,21. 예약카드,2,112,0,
Avignon·Alpilles·Pont du Gard,22. 출발 전 확인목록,2,118,0,
Avignon·Alpilles·Pont du Gard,"편집자 큐레이션 — 권력도시, 로마공학과 Arles 생활도시",2,0,0,
Avignon·Alpilles·Pont du Gard,핵심 방문지 소개 보강,3,0,0,
Avignon·Alpilles·Pont du Gard,Palais des Papes — 방의 장식보다 ‘거대한 행정기계’로 본다,4,47,0,
Avignon·Alpilles·Pont du Gard,Les Halles — 관광 전에 아비뇽 주민의 아침을 본다,4,20,0,
Avignon·Alpilles·Pont du Gard,Uzès — 시장이 없는 금요일에도 광장과 골목을 읽는 날,4,26,0,
Avignon·Alpilles·Pont du Gard,Pont du Gard — 다리를 가까이 보기 전에 물의 길을 상상한다,4,38,0,
Avignon·Alpilles·Pont du Gard,Les Baux-de-Provence — 성채보다 석회암 능선의 전략적 위치,4,19,0,
Avignon·Alpilles·Pont du Gard,Saint-Rémy — 유명인 서사보다 실제 프로방스 소도시의 오후,4,24,0,
Avignon·Alpilles·Pont du Gard,꼭 체험할 것,3,61,0,
Avignon·Alpilles·Pont du Gard,식당 소개 보강,3,0,0,
Avignon·Alpilles·Pont du Gard,Fou de Fafa — 작은 비스트로의 친밀한 저녁,4,16,0,
Avignon·Alpilles·Pont du Gard,Le Goût du Jour — 이번 구간의 한 번뿐인 특별식 후보,4,18,0,
Avignon·Alpilles·Pont du Gard,Restaurant SEVIN — 교황궁 권역의 고급식은 목적을 분명히,4,21,0,
Avignon·Alpilles·Pont du Gard,Les Cocottes Saint-Louis — 정원과 건축을 함께 누리는 안정적 선택,4,16,0,
Avignon·Alpilles·Pont du Gard,Les Halles 조리식품 — 피로한 날의 가장 현명한 식사,4,16,0,
Avignon·Alpilles·Pont du Gard,현장 선택 규칙,3,53,0,
Avignon·Alpilles·Pont du Gard,대안 루트 — 이번 일정에서 배제한 경로,1,8,0,
Avignon·Alpilles·Pont du Gard,우선순위,2,95,0,
Avignon·Alpilles·Pont du Gard,Alpilles — Les Baux·Saint-Rémy·Glanum {{badge:rest|1순위 대안}},2,52,0,
Avignon·Alpilles·Pont du Gard,Châteauneuf-du-Pape,2,61,1,Pending: {{badge:pending|거리·시음 예약 조건 확인 필요}}
Avignon·Alpilles·Pont du Gard,Villeneuve-lès-Avignon,2,48,2,Pending: {{badge:pending|확인 권장}}; Pending: {{badge:pending|생탕드레 요새·필리프 르 벨 탑 등 시설 확인 필요}}
Avignon·Alpilles·Pont du Gard,Nîmes,2,50,0,
Avignon·Alpilles·Pont du Gard,Fontaine-de-Vaucluse,2,37,0,
Avignon·Alpilles·Pont du Gard,Orange,2,30,0,
Avignon·Alpilles·Pont du Gard,넣지 말아야 할 것,2,43,0,
Avignon·Alpilles·Pont du Gard,23. 공식자료,2,0,0,
Avignon·Alpilles·Pont du Gard,Avignon,3,30,0,
Avignon·Alpilles·Pont du Gard,Uzès·Pont du Gard,3,14,0,
Avignon·Alpilles·Pont du Gard,Alpilles,3,26,0,
Avignon·Alpilles·Pont du Gard,행사·철도,3,14,0,
Avignon·Alpilles·Pont du Gard,숙소·식당,3,59,0,
Avignon·Alpilles·Pont du Gard,Pass B. 일자별 실행성 감사,1,0,0,
Avignon·Alpilles·Pont du Gard,9/16 Luberon → Avignon,2,36,0,
Avignon·Alpilles·Pont du Gard,9/17 Avignon 핵심,2,32,0,
Avignon·Alpilles·Pont du Gard,9/18 Uzès 구시가지 → Pont du Gard,2,37,0,
Avignon·Alpilles·Pont du Gard,9/19 Arles 당일치기,2,40,0,
Avignon·Alpilles·Pont du Gard,9/20 렌터카 반납 → TGV → Lyon,2,30,0,
Avignon·Alpilles·Pont du Gard,검증 상태 — 보강본 근거,1,911,10,Pending: {{badge:pending|2026-08 확인 · 출발 전 재확인}}; Pending: {{badge:pending|2026-08 확인 · 출발 전 재확인}}; Pending: {{badge:pending|2026-08 확인 · 출발 전 재확인}}; Pending: {{badge:pending|2026-08 확인 · 출발 전 재확인}}; Pending: {{badge:pending|출발 전 재확인}} ...
Lyon,Preamble,0,68,0,
Lyon,Commercial Guide Module,1,17,0,
Lyon,Editor’s Verdict,2,47,0,
Lyon,놓치면 아쉬운 선택,2,91,0,
Lyon,하루를 완성하는 네 가지 선택,2,61,0,
Lyon,이 지역의 Top 10,2,23,0,
Lyon,현장 메모,2,44,0,
Lyon,10. 리옹과 안시 4박 5일,1,0,0,
Lyon,"두 강의 도시, 르네상스 골목, 비단언덕과 알프스 호수",2,173,0,
Lyon,Phase 10 공식정보 원칙,2,22,0,
Lyon,Regional Context & Scheduled Place Dossiers,1,0,0,
Lyon,이 4박이 여행 전체에서 하는 일,2,42,0,
Lyon,이 도시를 이해하는 축,2,0,0,
Lyon,두 강과 반도,3,64,0,
Lyon,도시가 언덕에서 내려왔다,3,32,0,
Lyon,트라불은 지형이 만든 것이다,3,38,0,
Lyon,비단이 이 도시를 만들고 부쉈다,3,31,0,
Lyon,미식 수도라는 것,3,20,0,
Lyon,시작 전에 확인할 요일 두 개,2,0,0,
Lyon,Day 23은 일요일 도착일이다,3,32,0,
Lyon,Day 26 수요일 안시에는 구시가 시장이 없다,3,56,0,
Lyon,일정에 포함된 장소별 상세 가이드,2,22,0,
Lyon,Day 24 — 두 개의 언덕,3,0,0,
Lyon,리옹을 읽는 한 문장,3,36,0,
Lyon,Fourvière {{grade:essential|필수}},3,0,0,
Lyon,무엇인가 — 로마 도시가 시작된 자리,4,89,0,
Lyon,볼 것,4,123,1,Pending: {{badge:pending|조사 필요}}
Lyon,Vieux Lyon · 트라불 {{grade:essential|필수}},3,0,0,
Lyon,무엇인가 — 골목이 아니라 건물 안을 지나는 길,4,18,0,
Lyon,왜 생겼는가 — 두 번의 이유,4,114,0,
Lyon,관람 요령,4,112,0,
Lyon,실용,4,47,1,Pending: {{badge:pending|현행 확인}}
Lyon,Day 25 — 일하는 언덕과 미식,3,0,0,
Lyon,Croix-Rousse {{grade:essential|필수}},3,0,0,
Lyon,무엇인가 — 천장이 높은 이유,4,93,0,
Lyon,카뉘의 반란,4,127,1,Pending: {{badge:pending|확인 권장}}
Lyon,Cour des Voraces,4,78,0,
Lyon,시장,4,43,1,Pending: {{badge:pending|공식 확인 필요}}
Lyon,볼 것,4,54,0,
Lyon,Halles de Lyon Paul Bocuse {{grade:essential|필수}},3,0,0,
Lyon,무엇인가,4,69,0,
Lyon,관람 요령,4,106,0,
Lyon,⚠ 운영 시간 — 자료가 심하게 엇갈린다,4,119,1,Pending: {{badge:pending|확인 필수}}
Lyon,Parc de la Tête d'Or {{grade:priority|우선추천}},3,113,1,Pending: {{badge:pending|조사 필요}}
Lyon,Day 26 — Annecy 당일치기,3,0,0,
Lyon,⚠ 목요일이라 구시가 시장이 없다,3,36,0,
Lyon,Annecy 구시가지 {{grade:essential|필수}},3,0,0,
Lyon,무엇인가 — 알프스의 베네치아,4,18,0,
Lyon,Palais de l'Île,4,89,1,Pending: {{badge:pending|운영시간·휴무일·요금 확인 필요 — 화요일 휴관 서술이 있으나 미검증}}
Lyon,Château d'Annecy,4,57,0,
Lyon,호수,4,45,1,Pending: {{badge:pending|운항사·소요·요금 확인 필요}}
Lyon,먹을 것,4,24,1,Pending: {{badge:pending|교차 확인 권장}}
Lyon,실용,4,34,1,Pending: {{badge:pending|소요·편수 확인}}
Lyon,Day 27 — 파리로,3,0,0,
Lyon,Part-Dieu 출발 {{badge:p0|P0 연결}},3,156,0,
Lyon,실행지도 · 현장 사용,2,50,0,
Lyon,Layer 1. Quick Reference · 확정 일정 · 실행표,1,0,0,
Lyon,1. 한눈에 보는 실행 요약,2,293,1,Pending: {{badge:pending|현장 확인}}
Lyon,일정의 핵심 논리,3,52,0,
Lyon,2. 시각요소 자리표시자,2,0,0,
Lyon,{{VISUAL:VIS-MAP-055|type=map|status=linked|strategy=execution-map}} 리옹 4박 전체 생활권과 동선 지도,3,21,0,
Lyon,{{VISUAL:VIS-MAP-056|type=map|status=linked|strategy=execution-map}} 숙소 권역과 야간 귀가 안전 동선 지도,3,22,0,
Lyon,{{VISUAL:VIS-MAP-057|type=map|status=linked|strategy=execution-map}} Fourvière–Vieux Lyon–Presqu’île 도보 하산 지도,3,17,0,
Lyon,{{VISUAL:VIS-MAP-058|type=map|status=linked|strategy=execution-map}} Croix-Rousse–Halles–Parc de la Tête d’Or 이동 지도,3,17,0,
Lyon,{{VISUAL:VIS-MAP-059|type=map|status=linked|strategy=execution-map}} Lyon–Annecy 철도 당일치기 지도,3,13,0,
Lyon,{{VISUAL:VIS-FIGURE-008|type=diagram|status=editorial-ready|strategy=generated-diagram}} 리옹의 도시 발전 도식,3,20,0,
Lyon,3. 날짜별 확정 일정,2,80,0,
Lyon,4. 치안 판단과 여행 설계 반영,2,0,0,
Lyon,4.1 “프랑스 범죄율 1위”라는 주장에 대한 판단,3,144,0,
Lyon,4.2 숙소계획에 반영한 원칙,3,195,1,Pending: {{badge:pending|운영시간 확인}}
Lyon,4.3 관광·교통계획에 반영한 원칙,3,71,0,
Lyon,5. Day 1 — 9월 20일 일요일,2,0,0,
Lyon,"Avignon TGV 차량반납, Lyon 도착, Ainay와 Presqu’île 적응",3,0,0,
Lyon,{{VISUAL:VIS-PHOTO-105|type=photo|status=pre-publication|strategy=licensed-or-direct}} Bellecour 광장에서 Fourvière를 바라보는 첫 풍경,3,17,0,
Lyon,이동 권장안,3,281,2,Pending: {{badge:pending|무인반납 확인}}; Pending: {{badge:pending|숙소 확인}}
Lyon,꼭 해볼 것,3,34,0,
Lyon,지연 시 삭제 순서,3,12,0,
Lyon,6. Day 2 — 9월 21일 월요일,2,0,0,
Lyon,"Fourvière·Vieux Lyon·traboules — 도시의 2,000년을 아래로 걸어 내려오기",3,0,0,
Lyon,{{VISUAL:VIS-PHOTO-106|type=diagram|status=editorial-ready|strategy=generated-diagram}} Fourvière 전망대에서 내려다본 Presqu’île와 두 강,3,14,0,
Lyon,{{VISUAL:VIS-PHOTO-107|type=diagram|status=editorial-ready|strategy=generated-diagram}} Vieux Lyon 르네상스 안뜰과 traboule,3,223,0,
Lyon,오늘의 필수·선택,3,36,0,
Lyon,꼭 해볼 것,3,34,0,
Lyon,7. Day 3 — 9월 22일 화요일,2,0,0,
Lyon,"Croix-Rousse 시장·비단동네, Halles Paul Bocuse와 도시공원",3,0,0,
Lyon,{{VISUAL:VIS-PHOTO-108|type=photo|status=travel-capture|strategy=direct-shot}} Boulevard de la Croix-Rousse 아침시장,3,9,0,
Lyon,{{VISUAL:VIS-PHOTO-109|type=photo|status=travel-capture|strategy=direct-shot}} Croix-Rousse의 canut 계단과 벽화,3,13,0,
Lyon,{{VISUAL:VIS-PHOTO-110|type=photo|status=pre-publication|strategy=licensed-or-direct}} Halles Paul Bocuse의 치즈·샤퀴테리 진열,3,202,1,Pending: {{badge:pending|현행 확인}}
Lyon,꼭 해볼 것,3,26,0,
Lyon,선택 모듈,3,47,0,
Lyon,8. Day 4 — 9월 23일 수요일,2,0,0,
Lyon,Annecy 당일치기 — 운하 구시가지와 알프스 호수,3,0,0,
Lyon,{{VISUAL:VIS-PHOTO-111|type=photo|status=pre-publication|strategy=licensed-or-direct}} Palais de l’Île와 Thiou 운하,3,13,0,
Lyon,{{VISUAL:VIS-PHOTO-112|type=photo|status=pre-publication|strategy=licensed-or-direct}} Pont des Amours에서 본 Annecy 호수,3,11,0,
Lyon,{{VISUAL:VIS-PHOTO-113|type=photo|status=pre-publication|strategy=licensed-or-direct}} Annecy 호수 1시간 크루즈,3,242,0,
Lyon,중요한 요일 정보,3,19,0,
Lyon,안시에서 꼭 해볼 것,3,52,0,
Lyon,점심 후보,3,78,0,
Lyon,우천·지연 대체안,3,37,0,
Lyon,9. Day 5 — 9월 24일 목요일,2,0,0,
Lyon,"생활권의 마지막 아침, Part-Dieu에서 파리 이동",3,119,0,
Lyon,10. 피로도·삭제 우선순위,2,67,0,
Lyon,11. 문전 이동과 교통 실행표,2,116,0,
Lyon,TCL 이용 판단,3,50,0,
Lyon,12. 예약 우선순위,2,152,0,
Lyon,12A. Pass C 실행성 감사 — 4박 5일을 무리 없이 연결하는 기준,2,252,1,Pending: {{badge:pending|운행 확인}}
Lyon,전환일 운영 규칙,3,86,0,
Lyon,12B. Lyon 구간 최종 의사결정 게이트,2,94,0,
Lyon,Layer 2. 지역 이해 · 동네 · 추천등급 · 방문지 설명,1,0,0,
Lyon,13. 리옹을 이해하는 다섯 개의 도시층,2,0,0,
Lyon,13.1 Fourvière — 로마도시와 종교언덕,3,25,0,
Lyon,13.2 Vieux Lyon — 르네상스 국제상업도시,3,25,0,
Lyon,13.3 Presqu’île — 광장과 상업의 중심,3,20,0,
Lyon,13.4 Croix-Rousse — 비단노동자의 언덕,3,21,0,
Lyon,13.5 Part-Dieu·Confluence — 현대도시의 두 방향,3,17,0,
Lyon,14. 동네별 성격·숙소 적합성·안전 고려,2,162,0,
Lyon,숙소의 필수 확인사항,3,40,0,
Lyon,15. 추천등급,2,183,0,
Lyon,16. 주요 방문지 상세 소개,2,0,0,
Lyon,Bellecour {{grade:optional|선택}},3,127,0,
Lyon,16.1 Fourvière — 리옹을 보기 전에 도시를 읽는 곳,3,0,0,
Lyon,{{VISUAL:VIS-PHOTO-114|type=photo|status=pre-publication|strategy=licensed-or-direct}} Fourvière에서 두 강과 Part-Dieu를 조망하는 파노라마,3,63,0,
Lyon,16.2 Vieux Lyon과 traboules — 골목 안쪽의 도시,3,0,0,
Lyon,{{VISUAL:VIS-PHOTO-115|type=photo|status=pre-publication|strategy=licensed-or-direct}} Renaissance courtyard와 나선계단,3,73,0,
Lyon,16.3 Presqu’île — 광장으로 읽는 리옹 중심,3,0,0,
Lyon,{{VISUAL:VIS-PHOTO-116|type=photo|status=pre-publication|strategy=licensed-or-direct}} Place des Jacobins 분수와 주변 파사드,3,45,0,
Lyon,16.4 Croix-Rousse — 비단보다 사람과 공간을 보기,3,0,0,
Lyon,{{VISUAL:VIS-PHOTO-117|type=photo|status=pre-publication|strategy=licensed-or-direct}} canut 주택의 높은 창과 경사로,3,40,0,
Lyon,16.5 Halles de Lyon Paul Bocuse — 미식도시의 진열장,3,0,0,
Lyon,{{VISUAL:VIS-PHOTO-118|type=photo|status=travel-capture|strategy=direct-shot}} quenelle·소시지·치즈가 진열된 Halles 내부,3,51,0,
Lyon,16.6 Parc de la Tête d’Or — 장기여행의 회복공간,3,0,0,
Lyon,{{VISUAL:VIS-PHOTO-119|type=photo|status=travel-capture|strategy=direct-shot}} 호숫가 산책로와 나무그늘,3,33,0,
Lyon,16.7 Annecy — 알프스 호수를 품은 물의 도시,3,0,0,
Lyon,{{VISUAL:VIS-PHOTO-120|type=photo|status=pre-publication|strategy=licensed-or-direct}} 운하·파스텔색 건물·산 배경이 겹친 Vieille Ville,3,58,0,
Lyon,17. 미술관·박물관 선택 기준,2,77,0,
Lyon,Layer 3. 숙소 · 음식 · 시장 · 운동 · 이벤트 · 안전 · 예약,1,0,0,
Lyon,18. 실제 숙소 후보,2,216,0,
Lyon,최종 선택 권고,3,54,0,
Lyon,숙소 문의문 핵심,3,36,0,
Lyon,먹거리 — 부숑의 도시,1,0,0,
Lyon,리옹 요리를 이해하는 한 문장,2,26,0,
Lyon,부숑(bouchon)이란 무엇인가,2,38,1,Pending: {{badge:pending|명칭·인증 기준 확인 필요}}
Lyon,먹어야 할 것,2,166,1,Pending: {{badge:pending|확인 권장}}
Lyon,저녁 배치 — 4박에 무엇을 넣을 것인가,2,97,0,
Lyon,시장 전략,2,96,0,
Lyon,9월 제철,2,9,1,Pending: {{badge:pending|교차 확인 권장}}
Lyon,Annecy의 음식은 또 다르다,2,24,0,
Lyon,19. 레스토랑·음식·주문가이드,2,0,0,
Lyon,{{VISUAL:VIS-PHOTO-121|type=photo|status=travel-capture|strategy=direct-shot}} quenelle de brochet sauce Nantua,3,9,0,
Lyon,{{VISUAL:VIS-PHOTO-122|type=photo|status=travel-capture|strategy=direct-shot}} bouchon의 salade lyonnaise와 pâté en croûte,3,11,0,
Lyon,19.1 저녁식당 후보,3,50,0,
Lyon,식당 카드 — Café Comptoir Abel {{badge:p0|9/21 확정 저녁}},4,154,0,
Lyon,식당 카드 — Daniel et Denise Créqui {{badge:p0|9/22 확정 저녁}},4,212,0,
Lyon,19.2 음식 주문 원칙,3,121,0,
Lyon,식사 배치,3,36,0,
Lyon,20. 시장·슈퍼·빵·치즈·제철 식재료,2,0,0,
Lyon,20.1 시장,3,50,0,
Lyon,20.2 숙소에서 살 것,3,26,0,
Lyon,20.3 9월 제철,3,19,0,
Lyon,21. Jason 운동·Julia 선택 수영,2,0,0,
Lyon,21.1 Jason 러닝,3,61,0,
Lyon,21.2 Julia 수영 — 선택,3,60,0,
Lyon,22. 2026 행사·특별 프로그램,2,65,0,
Lyon,교통 — 이 구간의 이동 구조,1,0,0,
Lyon,이 구간의 성격 — 차가 없다,2,6,0,
Lyon,Day 23 — 아비뇽에서 리옹으로 {{badge:p0|P0 연결}},2,45,1,Pending: {{badge:pending|확인}}
Lyon,리옹 시내 — TCL,2,65,1,Pending: {{badge:pending|요금 체계 확인 필요}}
Lyon,역이 둘이다 — Part-Dieu와 Perrache,2,35,0,
Lyon,Day 26 — 안시 왕복,2,70,2,Pending: {{badge:pending|소요·편수·직통 여부 확인 필요}}; Pending: {{badge:pending|확인}}
Lyon,Day 27 — 파리로 {{badge:p0|P0 연결}},2,44,2,Pending: {{badge:pending|확인}}; Pending: {{badge:pending|확인}}
Lyon,안전,2,79,0,
Lyon,23. 교통·안전 상세,2,0,0,
Lyon,23.1 대중교통 이용,3,35,0,
Lyon,23.2 역 이용,3,39,0,
Lyon,23.3 차량,3,20,0,
Lyon,23.4 응급·지원,3,26,0,
Lyon,24. 우천·지연·피로 대체안,2,92,0,
Lyon,경비 — 예산 설계,1,7,0,
Lyon,4박 5일 구조 (2인),2,66,0,
Lyon,입장료,2,81,7,Pending: {{badge:pending|확인}}; Pending: {{badge:pending|재확인}}; Pending: {{badge:pending|재확인}}; Pending: {{badge:pending|재확인}}; Pending: {{badge:pending|재확인}} ...
Lyon,절감 여지,2,76,0,
Lyon,예약 우선순위,2,61,0,
Lyon,25. 예약카드,2,0,0,
Lyon,카드 A — Lyon 숙소,3,25,0,
Lyon,카드 B — Avignon TGV→Lyon,3,22,0,
Lyon,카드 C — Annecy 왕복,3,21,0,
Lyon,카드 D — Annecy 크루즈,3,14,0,
Lyon,카드 E — 대표 저녁,3,38,0,
Lyon,26. 출발 전 확인목록,2,108,0,
Lyon,편집자 큐레이션 — 리옹의 도시층과 안시의 호수를 더 깊게 보기,2,0,0,
Lyon,핵심 방문지 소개 보강,3,0,0,
Lyon,Fourvière — 전망대에서 지형을 먼저 읽는다,4,41,0,
Lyon,Vieux Lyon·traboules — ‘비밀통로 찾기’가 아니라 도시의 관통구조,4,36,0,
Lyon,Croix-Rousse — 전망보다 일하고 저항한 언덕,4,20,0,
Lyon,Halles Paul Bocuse — 한 끼를 먹는 시장보다 리옹 식재료의 쇼케이스,4,22,0,
Lyon,Parc de la Tête d’Or — 장기여행의 회복을 위한 실제 생활공간,4,16,0,
Lyon,Annecy — 운하사진보다 도시와 호수의 접점을 본다,4,43,0,
Lyon,리옹에서 꼭 체험할 것,3,43,0,
Lyon,식당 소개 보강,3,0,0,
Lyon,Café Comptoir Abel — 역사적 분위기와 대표요리를 함께,4,21,0,
Lyon,Daniel et Denise — 정통 bouchon을 가장 체계적으로 경험,4,23,0,
Lyon,Halles Paul Bocuse — 식당 대신 점포를 조합하는 점심,4,14,0,
Lyon,L’Artichaut — 전통음식 뒤의 가벼운 현대 비스트로,4,9,0,
Lyon,Annecy Savoy 점심 — fondue는 날씨와 컨디션을 보고,4,21,0,
Lyon,치안과 분위기를 함께 고려한 현장 규칙,3,38,0,
Lyon,현장 선택 규칙,3,41,0,
Lyon,대안 루트 — 이번 일정에서 배제한 경로,1,8,0,
Lyon,우선순위,2,104,0,
Lyon,Musée des Confluences {{badge:rest|1순위}},2,52,1,Pending: {{badge:pending|운영·요금·소요·건축가 확인 필요}}
Lyon,Musée des Beaux-Arts,2,34,1,Pending: {{badge:pending|확인 권장}}
Lyon,Musée des Tissus (직물박물관),2,87,1,Pending: {{badge:pending|2026-08 확인 · 출발 전 재확인}}
Lyon,Pérouges,2,35,1,Pending: {{badge:pending|접근·소요 확인 필요}}
Lyon,Vienne,2,20,0,
Lyon,Beaujolais,2,30,0,
Lyon,넣지 말아야 할 것,2,47,0,
Lyon,27. 공식자료,2,107,0,
Lyon,검증 상태 — 보강본 근거,1,824,10,Pending: {{badge:pending|2026-08 확인 · 출발 전 재확인}}; Pending: {{badge:pending|2026-08 확인 · 출발 전 재확인}}; Pending: {{badge:pending|2026-08 확인 · 출발 전 재확인}}; Pending: {{badge:pending|출발 전 재확인}}; Pending: {{badge:pending|2026-08 확인 · 출발 전 재확인}} ...
Paris,Preamble,0,13,0,
Paris,Commercial Guide Module,1,22,0,
Paris,Editor’s Verdict,2,46,0,
Paris,놓치면 아쉬운 선택,2,110,0,
Paris,하루를 완성하는 네 가지 선택,2,64,0,
Paris,이 지역의 Top 10,2,28,0,
Paris,현장 메모,2,108,0,
Paris,11. 파리 15박 생활 가이드,1,0,0,
Paris,"‘한 달 살기’의 축소판 — 운동하는 아침, 문화가 있는 오후, 공연과 동네 저녁",2,115,0,
Paris,Phase 10 공식정보 원칙,2,22,0,
Paris,Regional Context & Scheduled Place Dossiers,1,0,0,
Paris,지역을 이해하는 다섯 개의 층,2,0,0,
Paris,역사,3,11,0,
Paris,경제,3,3,0,
Paris,사회,3,11,0,
Paris,문화,3,5,0,
Paris,이번 여행에서의 의미,3,13,0,
Paris,이 16일이 여행 전체에서 하는 일,2,0,0,
Paris,관광이 아니라 생활이다,3,41,0,
Paris,세 개의 파리,3,56,0,
Paris,왜 이 설계가 옳은가,3,28,0,
Paris,파리 15박·귀국일 개요,2,328,1,Pending: {{badge:pending|장소 결정·예약}}
Paris,추천 고정 이벤트 {{badge:p0|RECOMMENDED FIXED EVENTS}},2,31,0,
Paris,날짜순 이벤트 타임라인,3,164,2,Pending: {{badge:pending|공개행사 재확인}}; Pending: {{badge:pending|예약 오픈 재확인}}
Paris,Fashion Week 공개 접근 원칙,3,95,0,
Paris,15박의 운영 원칙,2,0,0,
Paris,표준 하루,3,50,0,
Paris,강도 규칙,3,58,0,
Paris,Day 37(10/4 일)을 Arc에만 쓰는 이유,3,56,0,
Paris,예약 게이트 — 출발 전에 끝내야 할 것,2,116,0,
Paris,Day 42 — 출국 {{badge:p0|P0 연결}},2,166,3,Pending: {{badge:pending|터미널 확인}}; Pending: {{badge:pending|숙소 위치별 확인}}; Pending: {{badge:pending|2026-08 확인 · 출발 전 재확인}}
Paris,일정에 포함된 장소별 상세 가이드,2,22,0,
Paris,Notre-Dame de Paris {{grade:essential|필수}},3,4,0,
Paris,무엇인가 — 5년 만에 돌아왔다,4,41,0,
Paris,⚠ 무료지만 예약 체계가 있다,4,84,0,
Paris,언제 가는가,4,59,0,
Paris,운영,4,86,2,Pending: {{badge:pending|출발 전 재확인}}; Pending: {{badge:pending|출발 전 재확인}}
Paris,무료로 얻을 수 있는 것 두 가지,4,65,0,
Paris,볼 것,4,70,0,
Paris,Latin Quarter {{grade:essential|필수}},3,58,0,
Paris,무엇을 보는가,4,155,0,
Paris,시장 요일,4,31,1,Pending: {{badge:pending|시장 운영 요일·시간 현행 확인}}
Paris,Le Marais {{grade:essential|필수}},3,88,1,Pending: {{badge:pending|확인 권장}}
Paris,두 번의 마레가 무엇이 다른가,4,235,1,Pending: {{badge:pending|넣으려면 별도 조사 필요}}
Paris,Montmartre · South Pigalle {{grade:essential|필수}},3,53,0,
Paris,동선 — 북쪽에서 접근해 남쪽으로 내려온다,4,171,1,Pending: {{badge:pending|Sacré-Cœur 운영시간·돔 입장 조건 확인 필요}}
Paris,Montorgueil {{grade:priority|우선추천}},3,38,0,
Paris,무엇을 보는가,4,150,1,Pending: {{badge:pending|교차 확인 권장}}
Paris,15구 생활일 {{grade:alternative|대체}},3,56,0,
Paris,15구가 무엇인가,4,124,0,
Paris,월요일 모듈 {{grade:priority|우선추천}},3,18,0,
Paris,왜 월요일에 이런 날이 필요한가,4,44,0,
Paris,오후 선택 모듈 — 넷 중 하나,4,165,1,Pending: {{badge:pending|각 구역 시장 요일·공원 운영 현행 확인}}
Paris,의도적으로 비운 일요일,3,54,0,
Paris,파리를 걷는 원칙,3,70,0,
Paris,실행지도 · 현장 사용,2,54,0,
Paris,Layer 1. Quick Reference · 생활 리듬 · 날짜별 실행 일정,1,0,0,
Paris,1. 한눈에 보는 파리 체류,2,226,0,
Paris,파리 15박의 배분,3,19,0,
Paris,이 설계가 ‘한 달 살기 축소판’인 이유,3,47,0,
Paris,1A. 파리 15박의 세 사이클,2,119,0,
Paris,고정·조건부·자유 블록,3,64,0,
Paris,2. 시각요소 자리표시자,2,0,0,
Paris,{{VISUAL:VIS-MAP-049|type=map|status=linked|strategy=execution-map}} 파리 15박 전체 생활권 지도,3,16,0,
Paris,{{VISUAL:VIS-MAP-050|type=map|status=linked|strategy=execution-map}} 문화시설 군집 지도,3,13,0,
Paris,{{VISUAL:VIS-MAP-051|type=map|status=linked|strategy=execution-map}} 오전 운동·수영 지도,3,15,0,
Paris,{{VISUAL:VIS-MAP-052|type=map|status=linked|strategy=execution-map}} 시장과 장보기 생활지도,3,15,0,
Paris,{{VISUAL:VIS-MAP-053|type=map|status=linked|strategy=execution-map}} Versailles·Giverny 선택 당일치기 지도,3,12,0,
Paris,{{VISUAL:VIS-MAP-054|type=map|status=linked|strategy=execution-map}} 공연·축구 귀가 지도,3,18,0,
Paris,3. 16일 운영 원칙,2,0,0,
Paris,3.1 표준 하루,3,69,0,
Paris,3.2 강도 규칙,3,44,0,
Paris,4. 일정 요약,2,324,0,
Paris,5. Day 1 — 9월 24일 목요일,2,0,0,
Paris,"Gare de Lyon 도착, ‘관광객’이 아니라 ‘16일 거주자’가 되는 날 {{badge:rest|도착}}",3,0,0,
Paris,{{VISUAL:VIS-PHOTO-091|type=photo|status=travel-capture|strategy=direct-shot}} 파리 아파트 식탁 위 첫 장보기,3,128,0,
Paris,꼭 해볼 것,3,33,0,
Paris,6. Day 2 — 9월 25일 금요일,2,0,0,
Paris,세탁과 생활권 적응 — 새로 생긴 하루를 여행 회복에 쓰기,3,130,1,Pending: {{badge:pending|현장 확인}}
Paris,7. Day 3 — 9월 26일 토요일,2,0,0,
Paris,"Saint-Germain, Luxembourg, Seine — 도착 다음 날의 가벼운 첫 산책 {{badge:rest|로컬 라이프}}",3,106,0,
Paris,꼭 해볼 것,3,31,0,
Paris,8. Day 4 — 9월 27일 일요일,2,0,0,
Paris,"Tuileries, Palais Royal, Opéra 지구 — 고전적 파리의 방향잡기 {{badge:rest|도시 방향잡기}}",3,100,0,
Paris,꼭 해볼 것,3,25,0,
Paris,9. Day 5 — 9월 28일 월요일,2,0,0,
Paris,"운동, 세탁, 쇼핑 — Fashion Week가 시작되는 생활일 {{badge:rest|로컬 라이프}}",3,100,0,
Paris,10. Day 6 — 9월 29일 화요일,2,0,0,
Paris,Orsay — 대형관 하나만 보는 박물관 날 {{badge:rest|박물관}},3,142,0,
Paris,금지 규칙,3,26,0,
Paris,11. Day 7 — 9월 30일 수요일,2,0,0,
Paris,Paris Fashion Week — 공개 공간으로 읽는 패션 반일 {{badge:p0|고정 경험}},3,118,0,
Paris,12. Day 8 — 10월 1일 목요일,2,0,0,
Paris,Bastille 동네의 날 — 낮 산책과 무료 저녁 산책 {{badge:rest|로컬 라이프}},3,113,0,
Paris,13. Day 9 — 10월 2일 금요일,2,0,0,
Paris,"시장, 서점, 카페, 스케치 — 오페라 다음 날의 회복 {{badge:rest|회복}} {{badge:rest|로컬 라이프}}",3,89,0,
Paris,꼭 해볼 것,3,27,0,
Paris,14. Day 10 — 10월 3일 토요일,2,0,0,
Paris,"박물관, 서점, 동네 — Arc 전날의 유연한 문화일 {{grade:optional|선택 문화}}",3,164,0,
Paris,15. Day 11 — 10월 4일 일요일,2,0,0,
Paris,Qatar Prix de l’Arc de Triomphe — 메인 레이스 데이 {{badge:p0|고정 스포츠}},3,177,1,Pending: {{badge:pending|첫차·배차·막차 확인}}
Paris,16. Day 12 — 10월 5일 월요일,2,0,0,
Paris,"Arc 다음 날 — 늦은 아침, 장보기, 세탁, 카페 {{badge:rest|회복}}",3,81,0,
Paris,17. Day 13 — 10월 6일 화요일,2,0,0,
Paris,Canal Saint-Martin과 Belleville — 동부 파리 {{badge:rest|로컬 라이프}},3,73,0,
Paris,18. Day 14 — 10월 7일 수요일,2,0,0,
Paris,Fête des Vendanges de Montmartre — 평일 낮의 수확축제 {{badge:p0|고정 축제}},3,120,0,
Paris,19. Day 15 — 10월 8일 목요일,2,0,0,
Paris,Trocadéro와 Chaillot — 점등 조망과 송별 저녁 {{badge:pending|장소 결정·예약}},3,165,1,Pending: {{badge:pending|장소 미정}}
Paris,20. Day 16 — 10월 9일 금요일,2,0,0,
Paris,체크아웃과 공항 — 출국일 {{badge:p0|출국}},3,157,1,Pending: {{badge:pending|터미널·이동수단 확인}}
Paris,21. Day 17 — 10월 10일 토요일,2,0,0,
Paris,기내와 인천 도착 — 43일의 마지막 날 {{badge:p0|귀국}},3,68,1,Pending: {{badge:pending|귀가 수단 결정}}
Paris,21. 일정 교체 매트릭스,2,83,0,
Paris,21A. 실행성 감사 — 15박 운영판,2,0,0,
Paris,날짜별 핵심 통제표,3,343,0,
Paris,예약 충돌 방지 규칙,3,65,0,
Paris,21B. 출발 전 예약 게이트,2,115,0,
Paris,Layer 2. 파리 이해 · 동네 · 추천등급 · 문화 선택,1,0,0,
Paris,22. 파리를 ‘거대한 관광지’가 아니라 생활도시로 읽는 법,2,0,0,
Paris,22.1 세 개의 파리,3,47,0,
Paris,22.2 같은 장소를 다시 가는 것이 핵심,3,37,0,
Paris,23. 숙소 생활권 비교,2,154,0,
Paris,최종 권고,3,30,0,
Paris,24. 추천등급,2,241,0,
Paris,전시 · 미술관 — 2026년 가을,1,0,0,
Paris,2026년 가을 전시 캘린더,2,142,0,
Paris,Cezanne et nous — Grand Palais {{grade:essential|필수}},2,4,0,
Paris,무엇인가 — 세잔이 아니라 세잔 이후를 본다,3,52,0,
Paris,핵심 — 왜 이 순서가 옳은가,3,61,0,
Paris,관람 요령,3,122,0,
Paris,실용,3,61,0,
Paris,Mary Cassatt. L'indépendante — Musée d'Orsay {{grade:essential|필수}},2,7,0,
Paris,무엇인가 — 프랑스가 100년 만에 여는 전시,3,42,0,
Paris,누구인가,3,68,0,
Paris,⚠ 개막 당일이라는 것,3,74,0,
Paris,함께 보는 것 — Bartholdi,3,23,0,
Paris,실용,3,31,0,
Paris,Musée du Louvre {{grade:essential|필수}},2,4,0,
Paris,원칙 — 완주하지 않는다,3,131,1,Pending: {{badge:pending|입장 동선 재확인}}
Paris,화요일 휴관이라 월요일에 배정했다,3,24,0,
Paris,실용 — 저장소 자료 기준,3,70,2,Pending: {{badge:pending|예약 화면에서 재확인}}; Pending: {{badge:pending|야간 개장 요일 확인 필요}}
Paris,Musée de l'Orangerie {{grade:priority|우선추천}},2,6,0,
Paris,2026년은 모네 사후 100주년이다,3,86,0,
Paris,Giverny와 어느 쪽인가,3,76,0,
Paris,Bourse de Commerce — Pinault Collection {{grade:optional|선택}},2,85,2,Pending: {{badge:pending|건축가 확인 권장}}; Pending: {{badge:pending|확인 필수}}
Paris,BnF Richelieu {{grade:priority|우선추천}},2,72,0,
Paris,실용 — 저장소 자료 기준,3,112,1,Pending: {{badge:pending|현행 확인}}
Paris,Musée Marmottan Monet {{grade:alternative|대체}},2,84,0,
Paris,Centre Pompidou {{grade:excluded|제외}},2,83,0,
Paris,미술관 선택 원칙,2,126,1,Pending: {{badge:pending|2026-08 확인 · 출발 전 재확인}}
Paris,25. 주요 미술관·특별전 실용 가이드,2,0,0,
Paris,"25.1 Louvre — 필수, 1회만",3,74,0,
Paris,25.2 Musée d’Orsay — 이번 체류의 핵심 미술관,3,32,0,
Paris,25.3 Grand Palais — Cézanne et nous,3,24,0,
Paris,25.4 Musée de l’Orangerie — Giverny 대체,3,21,0,
Paris,25.5 Bourse de Commerce — 10/7 이후,3,26,0,
Paris,25.6 Centre Pompidou 대체,3,26,0,
Paris,26. 도서관·서점,2,0,0,
Paris,BnF Richelieu — 우선 추천,3,38,2,Pending: {{badge:pending|공식 확인}}; Pending: {{badge:pending|공식 확인}}
Paris,서점 선택,3,68,0,
Paris,공연과 스포츠 — 고정 이벤트를 쓰는 법,1,0,0,
Paris,⚠ 이 절은 폐기된 계획의 기록이다,3,47,0,
Paris,추천 프레임워크 (폐기),3,36,0,
Paris,축구,3,64,1,Pending: {{badge:pending|확인 필요}}
Paris,27. 오페라 비교와 패키지,2,0,0,
Paris,27.1 오페라 비교표,3,153,0,
Paris,27.2 회차와 편집 판단 — 기록(2026-08-10 취소),3,73,0,
Paris,27.3 세 가지 오페라 패키지,3,93,0,
Paris,27.4 예매 원칙 — 폐기 (2026-08-10),3,21,0,
Paris,28. 축구 경기 전략 — 이번 체류에서는 Arc가 스포츠 앵커,2,0,0,
Paris,{{VISUAL:VIS-PHOTO-103|type=photo|status=pre-publication|strategy=licensed-or-direct}} Parc des Princes 야간경기,3,7,0,
Paris,현재 판단,3,47,0,
Paris,경기 우선순위,3,42,0,
Paris,안전·귀가,3,28,0,
Paris,근교 — 두 번뿐이다,1,22,0,
Paris,Versailles {{grade:priority|우선추천}} — Day 36 A안,3,4,0,
Paris,⚠ 왕실 예배당 특별 개방을 놓친다,4,54,1,Pending: {{badge:pending|연장 여부 확인}}
Paris,판단 기준,4,74,0,
Paris,실용,4,39,2,Pending: {{badge:pending|확인}}; Pending: {{badge:pending|확인}}
Paris,Giverny {{grade:priority|우선추천}} — Day 41 A안,3,10,0,
Paris,⚠ 시즌 마감이 가깝다,4,59,1,Pending: {{badge:pending|2026년 정확한 폐장일 확인 필수}}
Paris,B안이 강한 해다,4,40,0,
Paris,29. 근교 옵션,2,0,0,
Paris,29.1 Versailles — 대표성 1순위,3,27,0,
Paris,29.2 Giverny — 미술과 정원 1순위,3,34,0,
Paris,대체 후보,3,29,0,
Paris,Layer 3. 숙소 · 음식 · 시장 · 운동 · 교통 · 안전 · 예약,1,0,0,
Paris,30. 숙소 선정 전략,2,0,0,
Paris,30.1 15박에 필요한 조건,3,53,0,
Paris,30.2 실제 숙소 후보,3,133,0,
Paris,30.3 숙소 선택 의사결정,3,27,0,
Paris,반드시 서면 확인,3,38,0,
Paris,31. 시장과 장보기,2,0,0,
Paris,{{VISUAL:VIS-PHOTO-104|type=photo|status=travel-capture|strategy=direct-shot}} Marché Monge에서 장을 보는 주민들,3,84,0,
Paris,주간 구매 패턴,3,39,0,
Paris,시장에서 살 것,3,67,0,
Paris,먹거리 — 15박의 식사 구조,1,0,0,
Paris,15박의 식사 구조,3,75,0,
Paris,시장 — 주간 패턴,3,76,1,Pending: {{badge:pending|숙소 확정 후 인근 시장 요일 조사 필요}}
Paris,파리에서 먹을 것,3,117,1,Pending: {{badge:pending|공식 확인}}
Paris,32. 레스토랑과 파리 식사체계,2,0,0,
Paris,32.1 저녁 배분,3,20,0,
Paris,32.2 추천 식당,3,209,0,
Paris,32.3 공연일 식사,3,36,0,
Paris,운동 — 43일차의 몸,1,62,2,Pending: {{badge:pending|숙소 인근 코스 확인}}; Pending: {{badge:pending|위치·요금·시간 확인}}
Paris,33. 운동·러닝·Julia 선택 수영,2,0,0,
Paris,33.1 Jason 러닝,3,63,0,
Paris,33.2 강도,3,17,0,
Paris,33.3 Julia 선택 수영,3,70,0,
Paris,교통 — 15박의 이동 구조,1,0,0,
Paris,승차권,3,70,3,Pending: {{badge:pending|명칭·조건 확인}}; Pending: {{badge:pending|확인}}; Pending: {{badge:pending|확인 필수}}
Paris,도착 — Day 27,3,45,1,Pending: {{badge:pending|숙소 결정 후}}
Paris,야간 귀가,3,49,0,
Paris,안전,3,57,0,
Paris,34. 대중교통·문전 이동,2,0,0,
Paris,34.1 추천 승차권,3,76,1,Pending: {{badge:pending|출발 전 재확인}}
Paris,34.2 핵심 문전시간,3,59,0,
Paris,34.3 야간 귀가,3,30,0,
Paris,35. 치안과 일상 안전,2,16,0,
Paris,기본 규칙,3,44,0,
Paris,숙소권 판단,3,22,0,
Paris,36. 2026년 특별 이벤트와 변동요인,2,203,0,
Paris,37. 우천·파업·피로 대체안,2,62,0,
Paris,가장 먼저 삭제할 것,3,20,0,
Paris,끝까지 유지할 것,3,25,0,
Paris,38. 예약카드,2,163,0,
Paris,경비 — 예산 설계,1,11,0,
Paris,15박 구조 (2인),3,61,0,
Paris,입장료 — 확인된 값,3,82,5,Pending: {{badge:pending|재확인}}; Pending: {{badge:pending|재확인}}; Pending: {{badge:pending|재확인}}; Pending: {{badge:pending|재확인}}; Pending: {{badge:pending|재확인}}
Paris,Paris Museum Pass 판단,3,51,1,Pending: {{badge:pending|확인 필수}}
Paris,절감 여지,3,46,0,
Paris,예산 증가 요인,3,49,0,
Paris,39. 예상 경비 — 파리 2인 15박 계획범위,2,102,0,
Paris,40. 출발 전 확인목록,2,0,0,
Paris,숙소,3,33,0,
Paris,문화,3,55,0,
Paris,축구,3,30,0,
Paris,생활,3,38,0,
Paris,출국,3,30,0,
Paris,편집자 큐레이션 — 16일 동안 파리를 ‘소비’하지 않고 살아보는 법,2,0,0,
Paris,파리에서의 장소 선택 원칙,3,114,0,
Paris,대표 문화시설 관람법 보강,3,0,0,
Paris,Louvre — 작품목록보다 세 개의 질문을 정한다,4,50,0,
Paris,Musée d’Orsay — 역 건축과 작품의 시대를 함께 본다,4,19,0,
Paris,Grand Palais — 전시만큼 건물의 규모와 복원 후 공간,4,24,0,
Paris,BnF Richelieu — 무료로 누리는 파리 문화생활의 정수,4,24,0,
Paris,Notre-Dame·Île de la Cité — 복원된 내부보다 도시의 시작점,4,18,0,
Paris,동네 경험 보강,3,0,0,
Paris,Latin Quarter — 기념물보다 반복 가능한 생활동선,4,21,0,
Paris,Marais — 한 번에 모든 층을 보지 않는다,4,21,0,
Paris,Montmartre — Sacré-Cœur 이후 북쪽으로 내려간다,4,21,0,
Paris,15구 — 파리 장기체류의 현실을 시험하는 하루,4,20,0,
Paris,파리에서 꼭 체험할 것 10가지,3,79,0,
Paris,식당 소개 보강,3,0,0,
Paris,Les Papilles — 5구 생활권의 목적이 분명한 특별식,4,21,0,
Paris,Le CasseNoix — 15구를 ‘관광지 없는 동네’가 아닌 음식동네로,4,15,0,
Paris,Le Bon Georges — 좋은 재료와 활기찬 9구 비스트로,4,18,0,
Paris,Café des Musées — Marais의 안정적인 전통비스트로,4,21,0,
Paris,Bistrot Paul Bert — ‘파리 비스트로’의 전형을 한 번만,4,20,0,
Paris,Bouillon Chartier — 저렴한 식사보다 대중적 파리 식당문화,4,17,0,
Paris,공연과 축구를 파리생활에 넣는 법,3,46,0,
Paris,근교 선택의 편집자 판단,3,0,0,
Paris,Versailles — 대표성과 규모를 선택하는 날,4,20,0,
Paris,Giverny — 미술가의 생활공간과 정원을 선택하는 날,4,18,0,
Paris,현장 선택 규칙,3,48,0,
Paris,대안 루트 — 계획이 깨졌을 때,1,0,0,
Paris,먼저 — 건드리면 안 되는 것,2,71,0,
Paris,대안 A — 비 오는 날,2,164,1,Pending: {{badge:pending|2026-08 확인 · 출발 전 재확인}}
Paris,대안 B — 파업,2,89,0,
Paris,대안 C — 피로,2,75,0,
Paris,대안 D — 일정 교체 매트릭스,2,10,0,
Paris,교체 가능한 날,3,111,0,
Paris,교체 불가한 날,3,87,0,
Paris,대안 E — 추가하고 싶어질 것들,2,9,0,
Paris,넣어도 되는 것,3,62,1,Pending: {{badge:pending|운영·요금 확인}}
Paris,넣지 말아야 할 것,3,102,0,
Paris,대안 F — 이월된 항목,2,101,1,Pending: {{badge:pending|확인 권장}}
Paris,마지막 이틀,2,0,0,
Paris,Day 41 (10/8 목) — 점등 조망과 송별 저녁,3,39,0,
Paris,Day 42 (10/9 금) — 출국 {{badge:p0|P0 연결}},3,75,0,
Paris,Day 43 (10/10 토) — 기내와 인천 도착,3,9,0,
Paris,41. 공식자료,2,0,0,
Paris,교통·시장·안전,3,16,0,
Paris,미술관·도서관,3,38,0,
Paris,공연·축구,3,27,0,
Paris,근교,3,15,0,
Paris,숙소 공식사이트,3,23,0,
Paris,검증 상태 — 보강본 근거,1,1434,13,Pending: {{badge:pending|2026-08 확인 · 출발 전 재확인}}; Pending: {{badge:pending|2026-08 확인 · 출발 전 재확인}}; Pending: {{badge:pending|2026-08 확인 · 출발 전 재확인}}; Pending: {{badge:pending|2026-08 확인 · 출발 전 재확인}}; Pending: {{badge:pending|2026-08 확인 · 출발 전 재확인}} ...
